DateTime,open,close,high,low
2022-03-24 07:30:00,445.88,445.86,445.94,445.79
2022-03-24 07:30:05,445.86,445.89,445.96,445.84
2022-03-24 07:30:10,445.89,445.96,445.96,445.84
2022-03-24 07:30:15,445.96,445.7,445.97,445.67
2022-03-24 07:30:20,445.7,445.87,445.95,445.69
2022-03-24 07:30:25,445.87,445.87,445.93,445.81
2022-03-24 07:30:30,445.87,445.74,445.87,445.66
2022-03-24 07:30:35,445.74,445.77,445.86,445.69
2022-03-24 07:30:40,445.77,445.67,445.78,445.65
2022-03-24 07:30:45,445.67,445.83,445.85,445.67
2022-03-24 07:30:50,445.83,445.92,445.95,445.83
2022-03-24 07:30:55,445.92,445.93,445.96,445.87
2022-03-24 07:31:00,445.93,445.77,445.94,445.65
2022-03-24 07:31:05,445.77,445.72,445.82,445.71
2022-03-24 07:31:10,445.72,445.66,445.74,445.58
2022-03-24 07:31:15,445.66,445.69,445.78,445.65
2022-03-24 07:31:20,445.69,445.66,445.74,445.61
2022-03-24 07:31:25,445.66,445.53,445.69,445.52
2022-03-24 07:31:30,445.53,445.53,445.56,445.5
2022-03-24 07:31:35,445.53,445.49,445.54,445.44
2022-03-24 07:31:40,445.49,445.57,445.6,445.46
2022-03-24 07:31:45,445.57,445.54,445.57,445.48
2022-03-24 07:31:50,445.54,445.51,445.55,445.48
2022-03-24 07:31:55,445.51,445.48,445.55,445.46
2022-03-24 07:32:00,445.48,445.35,445.48,445.34
2022-03-24 07:32:05,445.35,445.39,445.43,445.35
2022-03-24 07:32:10,445.39,445.44,445.44,445.32
2022-03-24 07:32:15,445.44,445.43,445.5,445.4
2022-03-24 07:32:20,445.43,445.53,445.54,445.41
2022-03-24 07:32:25,445.53,445.6,445.61,445.53
2022-03-24 07:32:30,445.6,445.58,445.62,445.47
2022-03-24 07:32:35,445.58,445.61,445.64,445.57
2022-03-24 07:32:40,445.61,445.58,445.64,445.57
2022-03-24 07:32:45,445.58,445.61,445.63,445.58
2022-03-24 07:32:50,445.61,445.5,445.62,445.5
2022-03-24 07:32:55,445.5,445.44,445.51,445.41
2022-03-24 07:33:00,445.44,445.37,445.45,445.35
2022-03-24 07:33:05,445.37,445.41,445.44,445.36
2022-03-24 07:33:10,445.41,445.42,445.45,445.38
2022-03-24 07:33:15,445.42,445.39,445.43,445.37
2022-03-24 07:33:20,445.39,445.38,445.4,445.34
2022-03-24 07:33:25,445.38,445.37,445.41,445.33
2022-03-24 07:33:30,445.37,445.45,445.48,445.36
2022-03-24 07:33:35,445.45,445.53,445.58,445.44
2022-03-24 07:33:40,445.53,445.51,445.55,445.49
2022-03-24 07:33:45,445.51,445.49,445.51,445.44
2022-03-24 07:33:50,445.49,445.5,445.52,445.45
2022-03-24 07:33:55,445.5,445.34,445.53,445.32
2022-03-24 07:34:00,445.34,445.28,445.34,445.26
2022-03-24 07:34:05,445.28,445.27,445.35,445.26
2022-03-24 07:34:10,445.27,445.18,445.3,445.17
2022-03-24 07:34:15,445.18,445.23,445.35,445.18
2022-03-24 07:34:20,445.23,445.26,445.28,445.19
2022-03-24 07:34:25,445.26,445.28,445.34,445.25
2022-03-24 07:34:30,445.28,445.29,445.29,445.17
2022-03-24 07:34:35,445.29,445.26,445.29,445.23
2022-03-24 07:34:40,445.26,445.21,445.29,445.21
2022-03-24 07:34:45,445.21,445.14,445.22,445.11
2022-03-24 07:34:50,445.14,445.14,445.23,445.11
2022-03-24 07:34:55,445.14,445.2,445.23,445.13
2022-03-24 07:35:00,445.2,445.08,445.21,445.04
2022-03-24 07:35:05,445.08,445.12,445.13,445.02
2022-03-24 07:35:10,445.12,445.03,445.21,445.02
2022-03-24 07:35:15,445.03,445.12,445.12,445.02
2022-03-24 07:35:20,445.12,445.01,445.13,445
2022-03-24 07:35:25,445.01,444.97,445.03,444.96
2022-03-24 07:35:30,444.97,444.91,445,444.88
2022-03-24 07:35:35,444.91,444.87,444.95,444.86
2022-03-24 07:35:40,444.87,444.94,444.95,444.85
2022-03-24 07:35:45,444.94,444.91,444.95,444.9
2022-03-24 07:35:50,444.91,444.85,444.92,444.83
2022-03-24 07:35:55,444.85,444.81,444.86,444.8
2022-03-24 07:36:00,444.81,444.76,444.85,444.74
2022-03-24 07:36:05,444.76,444.85,444.86,444.74
2022-03-24 07:36:10,444.85,444.95,444.96,444.81
2022-03-24 07:36:15,444.95,444.92,445.06,444.92
2022-03-24 07:36:20,444.92,444.89,444.92,444.81
2022-03-24 07:36:25,444.89,444.89,444.93,444.86
2022-03-24 07:36:30,444.89,444.93,444.95,444.87
2022-03-24 07:36:35,444.93,444.97,444.99,444.92
2022-03-24 07:36:40,444.97,444.98,445.02,444.95
2022-03-24 07:36:45,444.98,445.04,445.06,444.97
2022-03-24 07:36:50,445.04,444.97,445.05,444.95
2022-03-24 07:36:55,444.97,444.93,444.98,444.92
2022-03-24 07:37:00,444.93,444.99,445,444.85
2022-03-24 07:37:05,444.99,445.03,445.08,444.97
2022-03-24 07:37:10,445.03,444.97,445.09,444.96
2022-03-24 07:37:15,444.97,444.96,445,444.91
2022-03-24 07:37:20,444.96,445.02,445.02,444.91
2022-03-24 07:37:25,445.02,445,445.09,444.99
2022-03-24 07:37:30,445,444.95,445.01,444.94
2022-03-24 07:37:35,444.95,444.89,444.95,444.85
2022-03-24 07:37:40,444.89,444.87,444.9,444.84
2022-03-24 07:37:45,444.87,444.89,444.9,444.83
2022-03-24 07:37:50,444.89,444.9,444.93,444.86
2022-03-24 07:37:55,444.9,445.02,445.06,444.9
2022-03-24 07:38:00,445.02,444.98,445.06,444.98
2022-03-24 07:38:05,444.98,444.99,445.05,444.93
2022-03-24 07:38:10,444.99,444.99,445.01,444.94
2022-03-24 07:38:15,444.99,445.01,445.03,444.96
2022-03-24 07:38:20,445.01,444.91,445.02,444.87
2022-03-24 07:38:25,444.91,444.92,444.94,444.82
2022-03-24 07:38:30,444.92,444.94,444.97,444.86
2022-03-24 07:38:35,444.94,444.91,444.95,444.85
2022-03-24 07:38:40,444.91,444.97,444.97,444.9
2022-03-24 07:38:45,444.97,444.9,445.01,444.89
2022-03-24 07:38:50,444.9,444.95,444.97,444.87
2022-03-24 07:38:55,444.95,445.01,445.02,444.94
2022-03-24 07:39:00,445.01,445.08,445.09,444.98
2022-03-24 07:39:05,445.08,445.22,445.22,445.07
2022-03-24 07:39:10,445.22,445.15,445.23,445.12
2022-03-24 07:39:15,445.15,445.11,445.17,445.02
2022-03-24 07:39:20,445.11,445.19,445.19,445.04
2022-03-24 07:39:25,445.19,445.17,445.21,445.16
2022-03-24 07:39:30,445.17,445.2,445.21,445.14
2022-03-24 07:39:35,445.2,445.24,445.25,445.16
2022-03-24 07:39:40,445.24,445.16,445.25,445.08
2022-03-24 07:39:45,445.16,445.1,445.19,445.1
2022-03-24 07:39:50,445.1,445.12,445.14,445.08
2022-03-24 07:39:55,445.12,445.11,445.17,445.07
2022-03-24 07:40:00,445.11,445.24,445.24,445.08
2022-03-24 07:40:05,445.24,445.1,445.28,445.09
2022-03-24 07:40:10,445.1,445.15,445.15,445.03
2022-03-24 07:40:15,445.15,445.13,445.16,445.08
2022-03-24 07:40:20,445.13,445.14,445.15,445.09
2022-03-24 07:40:25,445.14,445.18,445.2,445.13
2022-03-24 07:40:30,445.18,445.23,445.26,445.17
2022-03-24 07:40:35,445.23,445.27,445.33,445.23
2022-03-24 07:40:40,445.27,445.28,445.31,445.27
2022-03-24 07:40:45,445.28,445.24,445.3,445.21
2022-03-24 07:40:50,445.24,445.31,445.32,445.23
2022-03-24 07:40:55,445.31,445.46,445.5,445.3
2022-03-24 07:41:00,445.46,445.44,445.52,445.44
2022-03-24 07:41:05,445.44,445.48,445.53,445.43
2022-03-24 07:41:10,445.48,445.45,445.52,445.41
2022-03-24 07:41:15,445.45,445.4,445.47,445.39
2022-03-24 07:41:20,445.4,445.37,445.42,445.37
2022-03-24 07:41:25,445.37,445.35,445.4,445.34
2022-03-24 07:41:30,445.35,445.41,445.41,445.32
2022-03-24 07:41:35,445.41,445.47,445.49,445.39
2022-03-24 07:41:40,445.47,445.54,445.54,445.47
2022-03-24 07:41:45,445.54,445.63,445.64,445.53
2022-03-24 07:41:50,445.63,445.75,445.75,445.63
2022-03-24 07:41:55,445.75,445.78,445.8,445.73
2022-03-24 07:42:00,445.78,445.8,445.88,445.76
2022-03-24 07:42:05,445.8,445.79,445.85,445.77
2022-03-24 07:42:10,445.79,445.86,445.88,445.79
2022-03-24 07:42:15,445.86,445.88,445.92,445.85
2022-03-24 07:42:20,445.88,446.08,446.09,445.88
2022-03-24 07:42:25,446.08,446.1,446.15,446.04
2022-03-24 07:42:30,446.1,446.03,446.1,445.99
2022-03-24 07:42:35,446.03,445.95,446.05,445.94
2022-03-24 07:42:40,445.95,445.92,445.97,445.87
2022-03-24 07:42:45,445.92,445.9,445.96,445.88
2022-03-24 07:42:50,445.9,445.96,445.96,445.88
2022-03-24 07:42:55,445.96,445.93,445.99,445.91
2022-03-24 07:43:00,445.93,445.99,446.01,445.92
2022-03-24 07:43:05,445.99,446,446.01,445.96
2022-03-24 07:43:10,446,445.86,446.01,445.85
2022-03-24 07:43:15,445.86,445.86,445.88,445.79
2022-03-24 07:43:20,445.86,445.86,445.86,445.81
2022-03-24 07:43:25,445.86,445.82,445.86,445.78
2022-03-24 07:43:30,445.82,445.85,445.87,445.81
2022-03-24 07:43:35,445.85,445.85,445.87,445.82
2022-03-24 07:43:40,445.85,445.8,445.86,445.79
2022-03-24 07:43:45,445.8,445.84,445.85,445.79
2022-03-24 07:43:50,445.84,445.93,445.93,445.83
2022-03-24 07:43:55,445.93,445.92,445.94,445.9
2022-03-24 07:44:00,445.92,445.92,445.94,445.9
2022-03-24 07:44:05,445.92,445.89,445.92,445.87
2022-03-24 07:44:10,445.89,445.9,445.92,445.89
2022-03-24 07:44:15,445.9,445.83,445.91,445.82
2022-03-24 07:44:20,445.83,445.86,445.88,445.82
2022-03-24 07:44:25,445.86,445.91,445.93,445.86
2022-03-24 07:44:30,445.91,445.87,445.91,445.86
2022-03-24 07:44:35,445.87,445.87,445.89,445.82
2022-03-24 07:44:40,445.87,445.9,445.9,445.83
2022-03-24 07:44:45,445.9,445.84,445.92,445.84
2022-03-24 07:44:50,445.84,445.89,445.9,445.84
2022-03-24 07:44:55,445.89,445.86,445.91,445.82
2022-03-24 07:45:00,445.86,445.97,445.98,445.82
2022-03-24 07:45:05,445.97,446.07,446.13,445.97
2022-03-24 07:45:10,446.07,446.03,446.07,445.95
2022-03-24 07:45:15,446.03,445.99,446.07,445.99
2022-03-24 07:45:20,445.99,445.77,446,445.77
2022-03-24 07:45:25,445.77,445.51,445.77,445.46
2022-03-24 07:45:30,445.51,445.59,445.61,445.45
2022-03-24 07:45:35,445.59,445.62,445.64,445.56
2022-03-24 07:45:40,445.62,445.56,445.63,445.56
2022-03-24 07:45:45,445.56,445.66,445.69,445.56
2022-03-24 07:45:50,445.66,445.71,445.75,445.63
2022-03-24 07:45:55,445.71,445.66,445.72,445.62
2022-03-24 07:46:00,445.66,445.54,445.72,445.52
2022-03-24 07:46:05,445.54,445.54,445.61,445.5
2022-03-24 07:46:10,445.54,445.55,445.59,445.45
2022-03-24 07:46:15,445.55,445.51,445.59,445.48
2022-03-24 07:46:20,445.51,445.57,445.61,445.51
2022-03-24 07:46:25,445.57,445.6,445.64,445.56
2022-03-24 07:46:30,445.6,445.71,445.76,445.59
2022-03-24 07:46:35,445.71,445.72,445.74,445.64
2022-03-24 07:46:40,445.72,445.86,445.87,445.7
2022-03-24 07:46:45,445.86,445.98,445.99,445.86
2022-03-24 07:46:50,445.98,445.91,446.02,445.89
2022-03-24 07:46:55,445.91,445.89,445.93,445.84
2022-03-24 07:47:00,445.89,445.91,445.95,445.79
2022-03-24 07:47:05,445.91,445.82,445.91,445.8
2022-03-24 07:47:10,445.82,445.79,445.84,445.77
2022-03-24 07:47:15,445.79,445.8,445.82,445.74
2022-03-24 07:47:20,445.8,445.68,445.82,445.64
2022-03-24 07:47:25,445.68,445.81,445.86,445.67
2022-03-24 07:47:30,445.81,445.69,445.81,445.65
2022-03-24 07:47:35,445.69,445.75,445.79,445.67
2022-03-24 07:47:40,445.75,445.74,445.81,445.72
2022-03-24 07:47:45,445.74,445.79,445.81,445.71
2022-03-24 07:47:50,445.79,445.76,445.86,445.75
2022-03-24 07:47:55,445.76,445.81,445.85,445.74
2022-03-24 07:48:00,445.81,445.77,445.88,445.75
2022-03-24 07:48:05,445.77,445.74,445.83,445.69
2022-03-24 07:48:10,445.74,445.73,445.76,445.68
2022-03-24 07:48:15,445.73,445.75,445.78,445.71
2022-03-24 07:48:20,445.75,445.75,445.8,445.72
2022-03-24 07:48:25,445.75,445.74,445.8,445.7
2022-03-24 07:48:30,445.74,445.7,445.82,445.68
2022-03-24 07:48:35,445.7,445.65,445.71,445.62
2022-03-24 07:48:40,445.65,445.73,445.74,445.63
2022-03-24 07:48:45,445.73,445.74,445.75,445.68
2022-03-24 07:48:50,445.74,445.78,445.78,445.71
2022-03-24 07:48:55,445.78,445.79,445.83,445.75
2022-03-24 07:49:00,445.79,445.77,445.8,445.73
2022-03-24 07:49:05,445.77,445.77,445.81,445.69
2022-03-24 07:49:10,445.77,445.67,445.77,445.64
2022-03-24 07:49:15,445.67,445.73,445.75,445.64
2022-03-24 07:49:20,445.73,445.77,445.82,445.7
2022-03-24 07:49:25,445.77,445.75,445.79,445.73
2022-03-24 07:49:30,445.75,445.73,445.78,445.7
2022-03-24 07:49:35,445.73,445.71,445.74,445.67
2022-03-24 07:49:40,445.71,445.71,445.75,445.68
2022-03-24 07:49:45,445.71,445.71,445.74,445.68
2022-03-24 07:49:50,445.71,445.6,445.72,445.58
2022-03-24 07:49:55,445.6,445.6,445.63,445.56
2022-03-24 07:50:00,445.6,445.43,445.6,445.41
2022-03-24 07:50:05,445.43,445.44,445.47,445.4
2022-03-24 07:50:10,445.44,445.33,445.44,445.29
2022-03-24 07:50:15,445.33,445.33,445.38,445.32
2022-03-24 07:50:20,445.33,445.41,445.47,445.32
2022-03-24 07:50:25,445.41,445.45,445.49,445.35
2022-03-24 07:50:30,445.45,445.56,445.56,445.44
2022-03-24 07:50:35,445.56,445.55,445.6,445.55
2022-03-24 07:50:40,445.55,445.49,445.55,445.48
2022-03-24 07:50:45,445.49,445.52,445.57,445.48
2022-03-24 07:50:50,445.52,445.52,445.54,445.46
2022-03-24 07:50:55,445.52,445.6,445.63,445.5
2022-03-24 07:51:00,445.6,445.76,445.77,445.6
2022-03-24 07:51:05,445.76,445.84,445.85,445.72
2022-03-24 07:51:10,445.84,445.88,445.97,445.82
2022-03-24 07:51:15,445.88,446.01,446.02,445.82
2022-03-24 07:51:20,446.01,445.99,446.03,445.95
2022-03-24 07:51:25,445.99,445.98,446.05,445.92
2022-03-24 07:51:30,445.98,446.01,446.03,445.91
2022-03-24 07:51:35,446.01,446.1,446.12,446.01
2022-03-24 07:51:40,446.1,446.01,446.15,446
2022-03-24 07:51:45,446.01,446.07,446.08,445.95
2022-03-24 07:51:50,446.07,446.03,446.1,446.02
2022-03-24 07:51:55,446.03,446,446.06,445.97
2022-03-24 07:52:00,446,446.24,446.24,446
2022-03-24 07:52:05,446.24,446.2,446.27,446.18
2022-03-24 07:52:10,446.2,446.25,446.27,446.2
2022-03-24 07:52:15,446.25,446.25,446.26,446.19
2022-03-24 07:52:20,446.25,446.29,446.34,446.24
2022-03-24 07:52:25,446.29,446.2,446.32,446.16
2022-03-24 07:52:30,446.2,445.86,446.2,445.81
2022-03-24 07:52:35,445.86,445.78,445.89,445.77
2022-03-24 07:52:40,445.78,445.7,445.81,445.69
2022-03-24 07:52:45,445.7,445.74,445.79,445.69
2022-03-24 07:52:50,445.74,445.74,445.77,445.67
2022-03-24 07:52:55,445.74,445.69,445.78,445.69
2022-03-24 07:53:00,445.69,445.71,445.82,445.62
2022-03-24 07:53:05,445.71,445.62,445.72,445.61
2022-03-24 07:53:10,445.62,445.53,445.64,445.52
2022-03-24 07:53:15,445.53,445.6,445.61,445.51
2022-03-24 07:53:20,445.6,445.69,445.7,445.59
2022-03-24 07:53:25,445.69,445.67,445.77,445.67
2022-03-24 07:53:30,445.67,445.68,445.7,445.56
2022-03-24 07:53:35,445.68,445.71,445.75,445.68
2022-03-24 07:53:40,445.71,445.86,445.89,445.68
2022-03-24 07:53:45,445.86,445.83,445.89,445.76
2022-03-24 07:53:50,445.83,445.89,445.91,445.78
2022-03-24 07:53:55,445.89,445.92,445.96,445.87
2022-03-24 07:54:00,445.92,445.96,446.01,445.89
2022-03-24 07:54:05,445.96,445.86,445.98,445.86
2022-03-24 07:54:10,445.86,445.82,445.88,445.76
2022-03-24 07:54:15,445.82,445.87,445.91,445.8
2022-03-24 07:54:20,445.87,445.89,445.91,445.8
2022-03-24 07:54:25,445.89,445.94,445.97,445.89
2022-03-24 07:54:30,445.94,445.97,445.99,445.93
2022-03-24 07:54:35,445.97,446.15,446.15,445.96
2022-03-24 07:54:40,446.15,446.11,446.18,446.1
2022-03-24 07:54:45,446.11,446.11,446.15,446.08
2022-03-24 07:54:50,446.11,446.01,446.11,445.97
2022-03-24 07:54:55,446.01,446.04,446.04,445.97
2022-03-24 07:55:00,446.04,446.06,446.11,446.01
2022-03-24 07:55:05,446.06,446.04,446.13,446.04
2022-03-24 07:55:10,446.04,446.12,446.18,446.02
2022-03-24 07:55:15,446.12,446.17,446.17,446.12
2022-03-24 07:55:20,446.17,446.18,446.19,446.11
2022-03-24 07:55:25,446.18,446.21,446.23,446.16
2022-03-24 07:55:30,446.21,446.12,446.28,446.08
2022-03-24 07:55:35,446.12,446.06,446.13,446.01
2022-03-24 07:55:40,446.06,446.14,446.14,446.02
2022-03-24 07:55:45,446.14,446.13,446.14,446.09
2022-03-24 07:55:50,446.13,446.18,446.19,446.1
2022-03-24 07:55:55,446.18,446.18,446.24,446.15
2022-03-24 07:56:00,446.18,446.22,446.26,446.18
2022-03-24 07:56:05,446.22,446.07,446.23,446.06
2022-03-24 07:56:10,446.07,446.05,446.13,446.02
2022-03-24 07:56:15,446.05,446.05,446.09,446.01
2022-03-24 07:56:20,446.05,446.03,446.05,446
2022-03-24 07:56:25,446.03,446.03,446.06,446.01
2022-03-24 07:56:30,446.03,446.02,446.08,446
2022-03-24 07:56:35,446.02,446.07,446.12,446
2022-03-24 07:56:40,446.07,446.1,446.14,446.07
2022-03-24 07:56:45,446.1,446.06,446.11,446
2022-03-24 07:56:50,446.06,446.05,446.07,446.02
2022-03-24 07:56:55,446.05,446.1,446.1,445.99
2022-03-24 07:57:00,446.1,446.11,446.15,446.09
2022-03-24 07:57:05,446.11,446.13,446.14,446.11
2022-03-24 07:57:10,446.13,446.11,446.14,446.05
2022-03-24 07:57:15,446.11,446.09,446.11,446.03
2022-03-24 07:57:20,446.09,446.18,446.18,446.08
2022-03-24 07:57:25,446.18,446.15,446.18,446.11
2022-03-24 07:57:30,446.15,446.08,446.15,446.05
2022-03-24 07:57:35,446.08,446.05,446.1,446.01
2022-03-24 07:57:40,446.05,445.96,446.05,445.94
2022-03-24 07:57:45,445.96,445.92,445.96,445.89
2022-03-24 07:57:50,445.92,445.9,445.93,445.87
2022-03-24 07:57:55,445.9,445.95,445.97,445.86
2022-03-24 07:58:00,445.95,445.97,445.98,445.91
2022-03-24 07:58:05,445.97,445.92,445.99,445.86
2022-03-24 07:58:10,445.92,445.88,445.92,445.84
2022-03-24 07:58:15,445.88,445.88,445.91,445.82
2022-03-24 07:58:20,445.88,445.8,445.88,445.79
2022-03-24 07:58:25,445.8,445.87,445.88,445.77
2022-03-24 07:58:30,445.87,445.88,445.92,445.86
2022-03-24 07:58:35,445.88,445.84,445.9,445.82
2022-03-24 07:58:40,445.84,445.79,445.86,445.79
2022-03-24 07:58:45,445.79,445.77,445.8,445.74
2022-03-24 07:58:50,445.77,445.77,445.79,445.74
2022-03-24 07:58:55,445.77,445.71,445.78,445.66
2022-03-24 07:59:00,445.71,445.68,445.73,445.65
2022-03-24 07:59:05,445.68,445.73,445.73,445.62
2022-03-24 07:59:10,445.73,445.72,445.77,445.66
2022-03-24 07:59:15,445.72,445.79,445.79,445.72
2022-03-24 07:59:20,445.79,445.83,445.85,445.76
2022-03-24 07:59:25,445.83,445.81,445.83,445.74
2022-03-24 07:59:30,445.81,445.79,445.85,445.75
2022-03-24 07:59:35,445.79,445.78,445.83,445.76
2022-03-24 07:59:40,445.78,445.74,445.8,445.7
2022-03-24 07:59:45,445.74,445.56,445.75,445.56
2022-03-24 07:59:50,445.56,445.6,445.61,445.55
2022-03-24 07:59:55,445.6,445.58,445.61,445.56
2022-03-24 08:00:00,445.58,445.68,445.71,445.55
2022-03-24 08:00:05,445.68,445.75,445.75,445.68
2022-03-24 08:00:10,445.75,445.75,445.79,445.73
2022-03-24 08:00:15,445.75,445.79,445.79,445.71
2022-03-24 08:00:20,445.79,445.87,445.87,445.76
2022-03-24 08:00:25,445.87,445.83,445.88,445.79
2022-03-24 08:00:30,445.83,445.68,445.83,445.65
2022-03-24 08:00:35,445.68,445.64,445.73,445.63
2022-03-24 08:00:40,445.64,445.79,445.8,445.63
2022-03-24 08:00:45,445.79,445.9,445.93,445.79
2022-03-24 08:00:50,445.9,445.94,445.98,445.89
2022-03-24 08:00:55,445.94,445.93,445.97,445.89
2022-03-24 08:01:00,445.93,446.08,446.09,445.93
2022-03-24 08:01:05,446.08,446.22,446.23,446.05
2022-03-24 08:01:10,446.22,446.39,446.41,446.19
2022-03-24 08:01:15,446.39,446.35,446.4,446.3
2022-03-24 08:01:20,446.35,446.3,446.37,446.29
2022-03-24 08:01:25,446.3,446.13,446.31,446.13
2022-03-24 08:01:30,446.13,446.14,446.16,446.07
2022-03-24 08:01:35,446.14,446.28,446.29,446.1
2022-03-24 08:01:40,446.28,446.22,446.3,446.18
2022-03-24 08:01:45,446.22,446.22,446.23,446.15
2022-03-24 08:01:50,446.22,446.23,446.26,446.21
2022-03-24 08:01:55,446.23,446.18,446.23,446.18
2022-03-24 08:02:00,446.18,446.2,446.23,446.11
2022-03-24 08:02:05,446.2,446.28,446.3,446.19
2022-03-24 08:02:10,446.28,446.25,446.33,446.23
2022-03-24 08:02:15,446.25,446.46,446.48,446.24
2022-03-24 08:02:20,446.46,446.4,446.49,446.33
2022-03-24 08:02:25,446.4,446.34,446.4,446.31
2022-03-24 08:02:30,446.34,446.37,446.4,446.34
2022-03-24 08:02:35,446.37,446.41,446.43,446.36
2022-03-24 08:02:40,446.41,446.48,446.5,446.39
2022-03-24 08:02:45,446.48,446.48,446.5,446.46
2022-03-24 08:02:50,446.48,446.53,446.58,446.42
2022-03-24 08:02:55,446.53,446.61,446.63,446.52
2022-03-24 08:03:00,446.61,446.66,446.71,446.61
2022-03-24 08:03:05,446.66,446.65,446.71,446.62
2022-03-24 08:03:10,446.65,446.62,446.68,446.6
2022-03-24 08:03:15,446.62,446.68,446.69,446.6
2022-03-24 08:03:20,446.68,446.75,446.78,446.67
2022-03-24 08:03:25,446.75,446.74,446.82,446.73
2022-03-24 08:03:30,446.74,446.73,446.78,446.72
2022-03-24 08:03:35,446.73,446.62,446.75,446.6
2022-03-24 08:03:40,446.62,446.68,446.7,446.62
2022-03-24 08:03:45,446.68,446.77,446.77,446.66
2022-03-24 08:03:50,446.77,446.77,446.81,446.73
2022-03-24 08:03:55,446.77,446.74,446.8,446.73
2022-03-24 08:04:00,446.74,446.69,446.79,446.66
2022-03-24 08:04:05,446.69,446.6,446.72,446.59
2022-03-24 08:04:10,446.6,446.61,446.63,446.59
2022-03-24 08:04:15,446.61,446.66,446.71,446.61
2022-03-24 08:04:20,446.66,446.61,446.69,446.59
2022-03-24 08:04:25,446.61,446.58,446.61,446.56
2022-03-24 08:04:30,446.58,446.6,446.62,446.54
2022-03-24 08:04:35,446.6,446.59,446.65,446.58
2022-03-24 08:04:40,446.59,446.6,446.63,446.57
2022-03-24 08:04:45,446.6,446.56,446.6,446.53
2022-03-24 08:04:50,446.56,446.57,446.61,446.56
2022-03-24 08:04:55,446.57,446.59,446.59,446.54
2022-03-24 08:05:00,446.59,446.64,446.67,446.58
2022-03-24 08:05:05,446.64,446.78,446.78,446.64
2022-03-24 08:05:10,446.78,446.91,446.92,446.77
2022-03-24 08:05:15,446.91,446.96,446.97,446.85
2022-03-24 08:05:20,446.96,446.86,446.96,446.81
2022-03-24 08:05:25,446.86,446.9,446.92,446.84
2022-03-24 08:05:30,446.9,446.85,446.92,446.83
2022-03-24 08:05:35,446.85,446.86,446.91,446.85
2022-03-24 08:05:40,446.86,446.82,446.89,446.81
2022-03-24 08:05:45,446.82,446.83,446.84,446.79
2022-03-24 08:05:50,446.83,446.87,446.91,446.83
2022-03-24 08:05:55,446.87,446.84,446.88,446.82
2022-03-24 08:06:00,446.84,446.88,446.94,446.84
2022-03-24 08:06:05,446.88,446.84,446.91,446.82
2022-03-24 08:06:10,446.84,446.77,446.85,446.77
2022-03-24 08:06:15,446.77,446.76,446.82,446.76
2022-03-24 08:06:20,446.76,446.63,446.76,446.62
2022-03-24 08:06:25,446.63,446.58,446.63,446.56
2022-03-24 08:06:30,446.58,446.6,446.62,446.54
2022-03-24 08:06:35,446.6,446.62,446.62,446.57
2022-03-24 08:06:40,446.62,446.63,446.63,446.59
2022-03-24 08:06:45,446.63,446.69,446.72,446.63
2022-03-24 08:06:50,446.69,446.65,446.71,446.65
2022-03-24 08:06:55,446.65,446.64,446.7,446.63
2022-03-24 08:07:00,446.64,446.52,446.64,446.5
2022-03-24 08:07:05,446.52,446.58,446.59,446.51
2022-03-24 08:07:10,446.58,446.48,446.58,446.48
2022-03-24 08:07:15,446.48,446.43,446.49,446.42
2022-03-24 08:07:20,446.43,446.48,446.5,446.41
2022-03-24 08:07:25,446.48,446.52,446.56,446.47
2022-03-24 08:07:30,446.52,446.56,446.58,446.5
2022-03-24 08:07:35,446.56,446.57,446.62,446.54
2022-03-24 08:07:40,446.57,446.54,446.59,446.53
2022-03-24 08:07:45,446.54,446.58,446.59,446.53
2022-03-24 08:07:50,446.58,446.65,446.68,446.58
2022-03-24 08:07:55,446.65,446.67,446.68,446.64
2022-03-24 08:08:00,446.67,446.63,446.73,446.6
2022-03-24 08:08:05,446.63,446.6,446.68,446.58
2022-03-24 08:08:10,446.6,446.67,446.7,446.59
2022-03-24 08:08:15,446.67,446.65,446.67,446.53
2022-03-24 08:08:20,446.65,446.63,446.66,446.61
2022-03-24 08:08:25,446.63,446.68,446.69,446.6
2022-03-24 08:08:30,446.68,446.68,446.73,446.67
2022-03-24 08:08:35,446.68,446.7,446.73,446.68
2022-03-24 08:08:40,446.7,446.69,446.71,446.64
2022-03-24 08:08:45,446.69,446.61,446.74,446.6
2022-03-24 08:08:50,446.61,446.55,446.61,446.52
2022-03-24 08:08:55,446.55,446.51,446.55,446.49
2022-03-24 08:09:00,446.51,446.41,446.51,446.39
2022-03-24 08:09:05,446.41,446.51,446.51,446.41
2022-03-24 08:09:10,446.51,446.61,446.67,446.51
2022-03-24 08:09:15,446.61,446.65,446.66,446.6
2022-03-24 08:09:20,446.65,446.58,446.66,446.55
2022-03-24 08:09:25,446.58,446.65,446.66,446.56
2022-03-24 08:09:30,446.65,446.59,446.67,446.57
2022-03-24 08:09:35,446.59,446.56,446.61,446.55
2022-03-24 08:09:40,446.56,446.59,446.6,446.53
2022-03-24 08:09:45,446.59,446.66,446.68,446.59
2022-03-24 08:09:50,446.66,446.66,446.71,446.64
2022-03-24 08:09:55,446.66,446.72,446.73,446.65
2022-03-24 08:10:00,446.72,446.6,446.81,446.58
2022-03-24 08:10:05,446.6,446.65,446.65,446.56
2022-03-24 08:10:10,446.65,446.56,446.68,446.5
2022-03-24 08:10:15,446.56,446.51,446.57,446.49
2022-03-24 08:10:20,446.51,446.4,446.53,446.38
2022-03-24 08:10:25,446.4,446.3,446.4,446.29
2022-03-24 08:10:30,446.3,446.4,446.43,446.29
2022-03-24 08:10:35,446.4,446.33,446.43,446.32
2022-03-24 08:10:40,446.33,446.3,446.35,446.28
2022-03-24 08:10:45,446.3,446.24,446.33,446.22
2022-03-24 08:10:50,446.24,446.21,446.26,446.19
2022-03-24 08:10:55,446.21,446.26,446.26,446.16
2022-03-24 08:11:00,446.26,446.27,446.29,446.22
2022-03-24 08:11:05,446.27,446.29,446.29,446.2
2022-03-24 08:11:10,446.29,446.33,446.4,446.29
2022-03-24 08:11:15,446.33,446.3,446.37,446.3
2022-03-24 08:11:20,446.3,446.38,446.38,446.29
2022-03-24 08:11:25,446.38,446.38,446.41,446.32
2022-03-24 08:11:30,446.38,446.39,446.43,446.37
2022-03-24 08:11:35,446.39,446.38,446.41,446.36
2022-03-24 08:11:40,446.38,446.34,446.39,446.31
2022-03-24 08:11:45,446.34,446.31,446.37,446.3
2022-03-24 08:11:50,446.31,446.36,446.37,446.31
2022-03-24 08:11:55,446.36,446.4,446.45,446.36
2022-03-24 08:12:00,446.4,446.36,446.44,446.33
2022-03-24 08:12:05,446.36,446.35,446.42,446.32
2022-03-24 08:12:10,446.35,446.23,446.35,446.22
2022-03-24 08:12:15,446.23,446.24,446.25,446.17
2022-03-24 08:12:20,446.24,446.21,446.24,446.18
2022-03-24 08:12:25,446.21,446.27,446.28,446.21
2022-03-24 08:12:30,446.27,446.28,446.3,446.25
2022-03-24 08:12:35,446.28,446.31,446.35,446.28
2022-03-24 08:12:40,446.31,446.35,446.36,446.29
2022-03-24 08:12:45,446.35,446.44,446.46,446.35
2022-03-24 08:12:50,446.44,446.46,446.47,446.43
2022-03-24 08:12:55,446.46,446.5,446.51,446.45
2022-03-24 08:13:00,446.5,446.54,446.54,446.5
2022-03-24 08:13:05,446.54,446.52,446.65,446.49
2022-03-24 08:13:10,446.52,446.5,446.53,446.47
2022-03-24 08:13:15,446.5,446.51,446.55,446.46
2022-03-24 08:13:20,446.51,446.59,446.61,446.51
2022-03-24 08:13:25,446.59,446.67,446.69,446.59
2022-03-24 08:13:30,446.67,446.68,446.71,446.6
2022-03-24 08:13:35,446.68,446.64,446.7,446.61
2022-03-24 08:13:40,446.64,446.56,446.67,446.52
2022-03-24 08:13:45,446.56,446.48,446.57,446.46
2022-03-24 08:13:50,446.48,446.45,446.51,446.44
2022-03-24 08:13:55,446.45,446.41,446.45,446.41
2022-03-24 08:14:00,446.41,446.34,446.43,446.33
2022-03-24 08:14:05,446.34,446.25,446.35,446.22
2022-03-24 08:14:10,446.25,446.3,446.31,446.24
2022-03-24 08:14:15,446.3,446.36,446.36,446.28
2022-03-24 08:14:20,446.36,446.33,446.4,446.32
2022-03-24 08:14:25,446.33,446.35,446.38,446.3
2022-03-24 08:14:30,446.35,446.44,446.47,446.34
2022-03-24 08:14:35,446.44,446.52,446.54,446.43
2022-03-24 08:14:40,446.52,446.52,446.54,446.49
2022-03-24 08:14:45,446.52,446.5,446.53,446.44
2022-03-24 08:14:50,446.5,446.41,446.52,446.4
2022-03-24 08:14:55,446.41,446.47,446.48,446.41
2022-03-24 08:15:00,446.47,446.42,446.53,446.42
2022-03-24 08:15:05,446.42,446.44,446.45,446.37
2022-03-24 08:15:10,446.44,446.54,446.55,446.4
2022-03-24 08:15:15,446.54,446.53,446.58,446.52
2022-03-24 08:15:20,446.53,446.49,446.55,446.46
2022-03-24 08:15:25,446.49,446.42,446.5,446.41
2022-03-24 08:15:30,446.42,446.45,446.46,446.36
2022-03-24 08:15:35,446.45,446.42,446.47,446.38
2022-03-24 08:15:40,446.42,446.44,446.45,446.37
2022-03-24 08:15:45,446.44,446.49,446.52,446.42
2022-03-24 08:15:50,446.49,446.54,446.56,446.46
2022-03-24 08:15:55,446.54,446.46,446.55,446.46
2022-03-24 08:16:00,446.46,446.34,446.46,446.31
2022-03-24 08:16:05,446.34,446.3,446.34,446.29
2022-03-24 08:16:10,446.3,446.32,446.34,446.25
2022-03-24 08:16:15,446.32,446.24,446.33,446.23
2022-03-24 08:16:20,446.24,446.22,446.26,446.21
2022-03-24 08:16:25,446.22,446.18,446.23,446.16
2022-03-24 08:16:30,446.18,446.18,446.23,446.15
2022-03-24 08:16:35,446.18,446.16,446.22,446.14
2022-03-24 08:16:40,446.16,446.21,446.21,446.14
2022-03-24 08:16:45,446.21,446.24,446.25,446.2
2022-03-24 08:16:50,446.24,446.2,446.25,446.15
2022-03-24 08:16:55,446.2,446.2,446.22,446.18
2022-03-24 08:17:00,446.2,446.27,446.3,446.2
2022-03-24 08:17:05,446.27,446.23,446.27,446.2
2022-03-24 08:17:10,446.23,446.26,446.27,446.2
2022-03-24 08:17:15,446.26,446.24,446.29,446.23
2022-03-24 08:17:20,446.24,446.23,446.27,446.2
2022-03-24 08:17:25,446.23,446.23,446.26,446.18
2022-03-24 08:17:30,446.23,446.18,446.24,446.16
2022-03-24 08:17:35,446.18,446.2,446.23,446.14
2022-03-24 08:17:40,446.2,446.18,446.21,446.15
2022-03-24 08:17:45,446.18,446.16,446.18,446.14
2022-03-24 08:17:50,446.16,445.92,446.18,445.9
2022-03-24 08:17:55,445.92,445.9,445.93,445.83
2022-03-24 08:18:00,445.9,445.88,445.93,445.85
2022-03-24 08:18:05,445.88,445.93,445.95,445.86
2022-03-24 08:18:10,445.93,445.87,445.96,445.84
2022-03-24 08:18:15,445.87,445.69,445.88,445.67
2022-03-24 08:18:20,445.69,445.65,445.71,445.64
2022-03-24 08:18:25,445.65,445.56,445.66,445.53
2022-03-24 08:18:30,445.56,445.55,445.57,445.47
2022-03-24 08:18:35,445.55,445.54,445.56,445.51
2022-03-24 08:18:40,445.54,445.53,445.61,445.51
2022-03-24 08:18:45,445.53,445.59,445.59,445.53
2022-03-24 08:18:50,445.59,445.55,445.63,445.51
2022-03-24 08:18:55,445.55,445.52,445.59,445.51
2022-03-24 08:19:00,445.52,445.48,445.55,445.47
2022-03-24 08:19:05,445.48,445.48,445.53,445.44
2022-03-24 08:19:10,445.48,445.45,445.48,445.43
2022-03-24 08:19:15,445.45,445.39,445.45,445.39
2022-03-24 08:19:20,445.39,445.49,445.51,445.37
2022-03-24 08:19:25,445.49,445.49,445.56,445.47
2022-03-24 08:19:30,445.49,445.56,445.57,445.47
2022-03-24 08:19:35,445.56,445.57,445.59,445.52
2022-03-24 08:19:40,445.57,445.53,445.6,445.52
2022-03-24 08:19:45,445.53,445.58,445.63,445.53
2022-03-24 08:19:50,445.58,445.6,445.61,445.58
2022-03-24 08:19:55,445.6,445.63,445.63,445.59
2022-03-24 08:20:00,445.63,445.76,445.77,445.62
2022-03-24 08:20:05,445.76,445.75,445.84,445.74
2022-03-24 08:20:10,445.75,445.8,445.82,445.72
2022-03-24 08:20:15,445.8,445.78,445.8,445.74
2022-03-24 08:20:20,445.78,445.74,445.81,445.71
2022-03-24 08:20:25,445.74,445.72,445.77,445.71
2022-03-24 08:20:30,445.72,445.61,445.75,445.59
2022-03-24 08:20:35,445.61,445.57,445.61,445.55
2022-03-24 08:20:40,445.57,445.59,445.6,445.55
2022-03-24 08:20:45,445.59,445.45,445.59,445.44
2022-03-24 08:20:50,445.45,445.47,445.49,445.4
2022-03-24 08:20:55,445.47,445.56,445.56,445.45
2022-03-24 08:21:00,445.56,445.62,445.65,445.55
2022-03-24 08:21:05,445.62,445.62,445.72,445.61
2022-03-24 08:21:10,445.62,445.58,445.62,445.51
2022-03-24 08:21:15,445.58,445.55,445.62,445.54
2022-03-24 08:21:20,445.55,445.55,445.58,445.54
2022-03-24 08:21:25,445.55,445.58,445.58,445.49
2022-03-24 08:21:30,445.58,445.64,445.65,445.55
2022-03-24 08:21:35,445.64,445.63,445.67,445.61
2022-03-24 08:21:40,445.63,445.66,445.67,445.62
2022-03-24 08:21:45,445.66,445.73,445.74,445.65
2022-03-24 08:21:50,445.73,445.8,445.84,445.73
2022-03-24 08:21:55,445.8,445.72,445.83,445.71
2022-03-24 08:22:00,445.72,445.84,445.88,445.71
2022-03-24 08:22:05,445.84,445.8,445.86,445.8
2022-03-24 08:22:10,445.8,445.85,445.85,445.77
2022-03-24 08:22:15,445.85,445.83,445.87,445.82
2022-03-24 08:22:20,445.83,445.82,445.84,445.77
2022-03-24 08:22:25,445.82,445.82,445.84,445.8
2022-03-24 08:22:30,445.82,445.84,445.85,445.81
2022-03-24 08:22:35,445.84,445.83,445.88,445.78
2022-03-24 08:22:40,445.83,445.79,445.85,445.78
2022-03-24 08:22:45,445.79,445.78,445.81,445.76
2022-03-24 08:22:50,445.78,445.81,445.83,445.76
2022-03-24 08:22:55,445.81,445.83,445.85,445.81
2022-03-24 08:23:00,445.83,445.86,445.92,445.82
2022-03-24 08:23:05,445.86,445.8,445.86,445.76
2022-03-24 08:23:10,445.8,445.84,445.85,445.79
2022-03-24 08:23:15,445.84,445.85,445.88,445.82
2022-03-24 08:23:20,445.85,445.85,445.87,445.81
2022-03-24 08:23:25,445.85,445.9,445.91,445.85
2022-03-24 08:23:30,445.9,445.86,445.92,445.86
2022-03-24 08:23:35,445.86,445.84,445.9,445.83
2022-03-24 08:23:40,445.84,445.86,445.88,445.83
2022-03-24 08:23:45,445.86,445.84,445.88,445.83
2022-03-24 08:23:50,445.84,445.8,445.84,445.78
2022-03-24 08:23:55,445.8,445.81,445.85,445.8
2022-03-24 08:24:00,445.81,445.8,445.84,445.77
2022-03-24 08:24:05,445.8,445.87,445.89,445.79
2022-03-24 08:24:10,445.87,445.84,445.88,445.82
2022-03-24 08:24:15,445.84,445.88,445.9,445.84
2022-03-24 08:24:20,445.88,445.71,445.89,445.71
2022-03-24 08:24:25,445.71,445.66,445.72,445.65
2022-03-24 08:24:30,445.66,445.66,445.67,445.57
2022-03-24 08:24:35,445.66,445.68,445.72,445.65
2022-03-24 08:24:40,445.68,445.66,445.7,445.61
2022-03-24 08:24:45,445.66,445.62,445.67,445.61
2022-03-24 08:24:50,445.62,445.62,445.64,445.61
2022-03-24 08:24:55,445.62,445.62,445.63,445.58
2022-03-24 08:25:00,445.62,445.62,445.64,445.57
2022-03-24 08:25:05,445.62,445.7,445.77,445.61
2022-03-24 08:25:10,445.7,445.82,445.82,445.67
2022-03-24 08:25:15,445.82,445.81,445.83,445.78
2022-03-24 08:25:20,445.81,445.77,445.81,445.76
2022-03-24 08:25:25,445.77,445.79,445.81,445.76
2022-03-24 08:25:30,445.79,445.78,445.81,445.75
2022-03-24 08:25:35,445.78,445.78,445.78,445.69
2022-03-24 08:25:40,445.78,445.71,445.79,445.68
2022-03-24 08:25:45,445.71,445.7,445.74,445.67
2022-03-24 08:25:50,445.7,445.68,445.75,445.67
2022-03-24 08:25:55,445.68,445.73,445.74,445.67
2022-03-24 08:26:00,445.73,445.59,445.74,445.58
2022-03-24 08:26:05,445.59,445.65,445.67,445.58
2022-03-24 08:26:10,445.65,445.59,445.65,445.53
2022-03-24 08:26:15,445.59,445.63,445.64,445.59
2022-03-24 08:26:20,445.63,445.65,445.66,445.61
2022-03-24 08:26:25,445.65,445.58,445.65,445.56
2022-03-24 08:26:30,445.58,445.46,445.58,445.41
2022-03-24 08:26:35,445.46,445.47,445.53,445.43
2022-03-24 08:26:40,445.47,445.48,445.51,445.43
2022-03-24 08:26:45,445.48,445.45,445.52,445.45
2022-03-24 08:26:50,445.45,445.45,445.48,445.43
2022-03-24 08:26:55,445.45,445.43,445.45,445.41
2022-03-24 08:27:00,445.43,445.4,445.47,445.39
2022-03-24 08:27:05,445.4,445.33,445.41,445.33
2022-03-24 08:27:10,445.33,445.33,445.35,445.28
2022-03-24 08:27:15,445.33,445.48,445.49,445.33
2022-03-24 08:27:20,445.48,445.56,445.58,445.47
2022-03-24 08:27:25,445.56,445.58,445.62,445.56
2022-03-24 08:27:30,445.58,445.6,445.62,445.53
2022-03-24 08:27:35,445.6,445.51,445.61,445.5
2022-03-24 08:27:40,445.51,445.51,445.52,445.45
2022-03-24 08:27:45,445.51,445.49,445.54,445.47
2022-03-24 08:27:50,445.49,445.56,445.58,445.47
2022-03-24 08:27:55,445.56,445.52,445.57,445.51
2022-03-24 08:28:00,445.52,445.55,445.56,445.49
2022-03-24 08:28:05,445.55,445.52,445.56,445.51
2022-03-24 08:28:10,445.52,445.54,445.55,445.49
2022-03-24 08:28:15,445.54,445.5,445.57,445.49
2022-03-24 08:28:20,445.5,445.56,445.6,445.5
2022-03-24 08:28:25,445.56,445.57,445.61,445.56
2022-03-24 08:28:30,445.57,445.55,445.58,445.54
2022-03-24 08:28:35,445.55,445.51,445.58,445.5
2022-03-24 08:28:40,445.51,445.54,445.56,445.49
2022-03-24 08:28:45,445.54,445.56,445.58,445.54
2022-03-24 08:28:50,445.56,445.51,445.58,445.5
2022-03-24 08:28:55,445.51,445.51,445.58,445.51
2022-03-24 08:29:00,445.51,445.64,445.67,445.51
2022-03-24 08:29:05,445.64,445.58,445.64,445.53
2022-03-24 08:29:10,445.58,445.62,445.67,445.55
2022-03-24 08:29:15,445.62,445.62,445.65,445.57
2022-03-24 08:29:20,445.62,445.66,445.67,445.61
2022-03-24 08:29:25,445.66,445.68,445.69,445.64
2022-03-24 08:29:30,445.68,445.64,445.68,445.62
2022-03-24 08:29:35,445.64,445.58,445.65,445.54
2022-03-24 08:29:40,445.58,445.51,445.58,445.49
2022-03-24 08:29:45,445.51,445.45,445.52,445.44
2022-03-24 08:29:50,445.45,445.49,445.51,445.44
2022-03-24 08:29:55,445.49,445.43,445.51,445.43
2022-03-24 08:30:00,445.43,445.5,445.51,445.42
2022-03-24 08:30:05,445.5,445.46,445.51,445.45
2022-03-24 08:30:10,445.46,445.43,445.48,445.4
2022-03-24 08:30:15,445.43,445.48,445.51,445.42
2022-03-24 08:30:20,445.48,445.47,445.5,445.42
2022-03-24 08:30:25,445.47,445.37,445.49,445.37
2022-03-24 08:30:30,445.37,445.24,445.39,445.23
2022-03-24 08:30:35,445.24,445.29,445.31,445.24
2022-03-24 08:30:40,445.29,445.29,445.3,445.24
2022-03-24 08:30:45,445.29,445.24,445.31,445.22
2022-03-24 08:30:50,445.24,445.28,445.29,445.22
2022-03-24 08:30:55,445.28,445.41,445.41,445.28
2022-03-24 08:31:00,445.41,445.57,445.65,445.41
2022-03-24 08:31:05,445.57,445.58,445.71,445.57
2022-03-24 08:31:10,445.58,445.63,445.71,445.58
2022-03-24 08:31:15,445.63,445.63,445.67,445.6
2022-03-24 08:31:20,445.63,445.65,445.66,445.61
2022-03-24 08:31:25,445.65,445.73,445.75,445.63
2022-03-24 08:31:30,445.73,445.7,445.75,445.66
2022-03-24 08:31:35,445.7,445.71,445.74,445.69
2022-03-24 08:31:40,445.71,445.63,445.71,445.6
2022-03-24 08:31:45,445.63,445.58,445.64,445.57
2022-03-24 08:31:50,445.58,445.56,445.59,445.53
2022-03-24 08:31:55,445.56,445.59,445.65,445.55
2022-03-24 08:32:00,445.59,445.66,445.71,445.59
2022-03-24 08:32:05,445.66,445.63,445.67,445.59
2022-03-24 08:32:10,445.63,445.62,445.71,445.62
2022-03-24 08:32:15,445.62,445.69,445.7,445.61
2022-03-24 08:32:20,445.69,445.7,445.76,445.65
2022-03-24 08:32:25,445.7,445.76,445.78,445.69
2022-03-24 08:32:30,445.76,445.77,445.78,445.75
2022-03-24 08:32:35,445.77,445.91,445.94,445.76
2022-03-24 08:32:40,445.91,446.03,446.03,445.9
2022-03-24 08:32:45,446.03,446.16,446.19,446.02
2022-03-24 08:32:50,446.16,446.2,446.23,446.15
2022-03-24 08:32:55,446.2,446.25,446.27,446.14
2022-03-24 08:33:00,446.25,446.15,446.31,446.12
2022-03-24 08:33:05,446.15,446.19,446.19,446.12
2022-03-24 08:33:10,446.19,446.18,446.2,446.12
2022-03-24 08:33:15,446.18,446.24,446.25,446.15
2022-03-24 08:33:20,446.24,446.3,446.34,446.23
2022-03-24 08:33:25,446.3,446.27,446.31,446.24
2022-03-24 08:33:30,446.27,446.25,446.29,446.22
2022-03-24 08:33:35,446.25,446.26,446.27,446.23
2022-03-24 08:33:40,446.26,446.28,446.29,446.23
2022-03-24 08:33:45,446.28,446.31,446.36,446.27
2022-03-24 08:33:50,446.31,446.28,446.31,446.25
2022-03-24 08:33:55,446.28,446.29,446.32,446.26
2022-03-24 08:34:00,446.29,446.26,446.3,446.23
2022-03-24 08:34:05,446.26,446.38,446.38,446.23
2022-03-24 08:34:10,446.38,446.45,446.49,446.38
2022-03-24 08:34:15,446.45,446.5,446.53,446.45
2022-03-24 08:34:20,446.5,446.46,446.53,446.45
2022-03-24 08:34:25,446.46,446.5,446.53,446.44
2022-03-24 08:34:30,446.5,446.55,446.56,446.49
2022-03-24 08:34:35,446.55,446.54,446.56,446.51
2022-03-24 08:34:40,446.54,446.55,446.57,446.54
2022-03-24 08:34:45,446.55,446.53,446.58,446.52
2022-03-24 08:34:50,446.53,446.53,446.57,446.52
2022-03-24 08:34:55,446.53,446.47,446.54,446.45
2022-03-24 08:35:00,446.47,446.53,446.53,446.46
2022-03-24 08:35:05,446.53,446.5,446.55,446.49
2022-03-24 08:35:10,446.5,446.48,446.51,446.46
2022-03-24 08:35:15,446.48,446.42,446.49,446.4
2022-03-24 08:35:20,446.42,446.4,446.44,446.37
2022-03-24 08:35:25,446.4,446.49,446.53,446.4
2022-03-24 08:35:30,446.49,446.56,446.57,446.49
2022-03-24 08:35:35,446.56,446.57,446.63,446.52
2022-03-24 08:35:40,446.57,446.62,446.63,446.56
2022-03-24 08:35:45,446.62,446.64,446.66,446.6
2022-03-24 08:35:50,446.64,446.61,446.66,446.6
2022-03-24 08:35:55,446.61,446.67,446.68,446.6
2022-03-24 08:36:00,446.67,446.57,446.67,446.51
2022-03-24 08:36:05,446.57,446.56,446.59,446.54
2022-03-24 08:36:10,446.56,446.54,446.56,446.5
2022-03-24 08:36:15,446.54,446.5,446.54,446.48
2022-03-24 08:36:20,446.5,446.51,446.54,446.5
2022-03-24 08:36:25,446.51,446.47,446.52,446.46
2022-03-24 08:36:30,446.47,446.51,446.54,446.47
2022-03-24 08:36:35,446.51,446.46,446.52,446.46
2022-03-24 08:36:40,446.46,446.44,446.48,446.41
2022-03-24 08:36:45,446.44,446.46,446.49,446.44
2022-03-24 08:36:50,446.46,446.42,446.47,446.42
2022-03-24 08:36:55,446.42,446.41,446.42,446.39
2022-03-24 08:37:00,446.41,446.38,446.45,446.36
2022-03-24 08:37:05,446.38,446.37,446.4,446.32
2022-03-24 08:37:10,446.37,446.36,446.38,446.33
2022-03-24 08:37:15,446.36,446.42,446.45,446.36
2022-03-24 08:37:20,446.42,446.4,446.42,446.37
2022-03-24 08:37:25,446.4,446.41,446.44,446.39
2022-03-24 08:37:30,446.41,446.47,446.47,446.4
2022-03-24 08:37:35,446.47,446.42,446.51,446.41
2022-03-24 08:37:40,446.42,446.36,446.43,446.35
2022-03-24 08:37:45,446.36,446.33,446.36,446.33
2022-03-24 08:37:50,446.33,446.32,446.34,446.29
2022-03-24 08:37:55,446.32,446.34,446.36,446.31
2022-03-24 08:38:00,446.34,446.3,446.35,446.3
2022-03-24 08:38:05,446.3,446.2,446.32,446.15
2022-03-24 08:38:10,446.2,446.19,446.21,446.16
2022-03-24 08:38:15,446.19,446.15,446.2,446.11
2022-03-24 08:38:20,446.15,446.07,446.16,446.05
2022-03-24 08:38:25,446.07,446.08,446.1,446.06
2022-03-24 08:38:30,446.08,446.09,446.1,446.05
2022-03-24 08:38:35,446.09,446.18,446.2,446.08
2022-03-24 08:38:40,446.18,446.16,446.19,446.12
2022-03-24 08:38:45,446.16,446.2,446.21,446.16
2022-03-24 08:38:50,446.2,446.12,446.21,446.1
2022-03-24 08:38:55,446.12,446.1,446.14,446.09
2022-03-24 08:39:00,446.1,446.15,446.15,446.09
2022-03-24 08:39:05,446.15,446.12,446.15,446.1
2022-03-24 08:39:10,446.12,446.09,446.12,446.09
2022-03-24 08:39:15,446.09,446.13,446.14,446.08
2022-03-24 08:39:20,446.13,446.14,446.16,446.09
2022-03-24 08:39:25,446.14,446.15,446.17,446.13
2022-03-24 08:39:30,446.15,446.16,446.17,446.15
2022-03-24 08:39:35,446.16,446.18,446.19,446.16
2022-03-24 08:39:40,446.18,446.16,446.18,446.15
2022-03-24 08:39:45,446.16,446.08,446.16,446.08
2022-03-24 08:39:50,446.08,446.11,446.11,446.08
2022-03-24 08:39:55,446.11,446.18,446.19,446.09
2022-03-24 08:40:00,446.18,446.22,446.23,446.18
2022-03-24 08:40:05,446.22,446.19,446.25,446.17
2022-03-24 08:40:10,446.19,446.18,446.25,446.15
2022-03-24 08:40:15,446.18,446.07,446.19,446.07
2022-03-24 08:40:20,446.07,446.08,446.1,446.05
2022-03-24 08:40:25,446.08,445.97,446.1,445.96
2022-03-24 08:40:30,445.97,445.93,446.01,445.93
2022-03-24 08:40:35,445.93,446.01,446.01,445.93
2022-03-24 08:40:40,446.01,445.96,446.01,445.96
2022-03-24 08:40:45,445.96,445.98,445.98,445.92
2022-03-24 08:40:50,445.98,445.93,446,445.92
2022-03-24 08:40:55,445.93,445.93,445.95,445.91
2022-03-24 08:41:00,445.93,445.91,445.97,445.9
2022-03-24 08:41:05,445.91,445.97,445.97,445.89
2022-03-24 08:41:10,445.97,446.15,446.18,445.97
2022-03-24 08:41:15,446.15,446.06,446.17,446.05
2022-03-24 08:41:20,446.06,446,446.09,445.97
2022-03-24 08:41:25,446,445.97,446.03,445.95
2022-03-24 08:41:30,445.97,446.04,446.04,445.97
2022-03-24 08:41:35,446.04,446,446.07,445.96
2022-03-24 08:41:40,446,445.98,446.02,445.97
2022-03-24 08:41:45,445.98,445.95,446,445.91
2022-03-24 08:41:50,445.95,446.04,446.05,445.92
2022-03-24 08:41:55,446.04,446.08,446.1,446.02
2022-03-24 08:42:00,446.08,446.15,446.15,446.03
2022-03-24 08:42:05,446.15,446.12,446.18,446.11
2022-03-24 08:42:10,446.12,446.16,446.19,446.12
2022-03-24 08:42:15,446.16,446.17,446.19,446.15
2022-03-24 08:42:20,446.17,446.11,446.19,446.1
2022-03-24 08:42:25,446.11,446.18,446.19,446.11
2022-03-24 08:42:30,446.18,446.18,446.19,446.16
2022-03-24 08:42:35,446.18,446.16,446.22,446.16
2022-03-24 08:42:40,446.16,446.13,446.17,446.09
2022-03-24 08:42:45,446.13,446.19,446.21,446.11
2022-03-24 08:42:50,446.19,446.11,446.21,446.09
2022-03-24 08:42:55,446.11,446.07,446.11,446.05
2022-03-24 08:43:00,446.07,446.06,446.09,446
2022-03-24 08:43:05,446.06,446.02,446.07,445.98
2022-03-24 08:43:10,446.02,446.1,446.14,445.98
2022-03-24 08:43:15,446.1,446.17,446.2,446.1
2022-03-24 08:43:20,446.17,446.2,446.21,446.13
2022-03-24 08:43:25,446.2,446.17,446.21,446.13
2022-03-24 08:43:30,446.17,446.36,446.37,446.17
2022-03-24 08:43:35,446.36,446.35,446.38,446.35
2022-03-24 08:43:40,446.35,446.27,446.36,446.25
2022-03-24 08:43:45,446.27,446.21,446.29,446.18
2022-03-24 08:43:50,446.21,446.25,446.25,446.18
2022-03-24 08:43:55,446.25,446.26,446.29,446.24
2022-03-24 08:44:00,446.26,446.27,446.28,446.19
2022-03-24 08:44:05,446.27,446.3,446.3,446.23
2022-03-24 08:44:10,446.3,446.33,446.34,446.27
2022-03-24 08:44:15,446.33,446.35,446.37,446.31
2022-03-24 08:44:20,446.35,446.32,446.39,446.3
2022-03-24 08:44:25,446.32,446.36,446.36,446.31
2022-03-24 08:44:30,446.36,446.31,446.39,446.3
2022-03-24 08:44:35,446.31,446.29,446.33,446.26
2022-03-24 08:44:40,446.29,446.31,446.33,446.29
2022-03-24 08:44:45,446.31,446.37,446.38,446.31
2022-03-24 08:44:50,446.37,446.34,446.37,446.3
2022-03-24 08:44:55,446.34,446.48,446.49,446.32
2022-03-24 08:45:00,446.48,446.45,446.53,446.4
2022-03-24 08:45:05,446.45,446.51,446.55,446.41
2022-03-24 08:45:10,446.51,446.51,446.55,446.5
2022-03-24 08:45:15,446.51,446.53,446.55,446.5
2022-03-24 08:45:20,446.53,446.69,446.7,446.53
2022-03-24 08:45:25,446.69,446.56,446.69,446.53
2022-03-24 08:45:30,446.56,446.63,446.65,446.54
2022-03-24 08:45:35,446.63,446.62,446.66,446.6
2022-03-24 08:45:40,446.62,446.71,446.76,446.61
2022-03-24 08:45:45,446.71,446.73,446.74,446.68
2022-03-24 08:45:50,446.73,446.7,446.75,446.69
2022-03-24 08:45:55,446.7,446.75,446.79,446.7
2022-03-24 08:46:00,446.75,446.76,446.82,446.73
2022-03-24 08:46:05,446.76,446.81,446.81,446.73
2022-03-24 08:46:10,446.81,446.81,446.83,446.78
2022-03-24 08:46:15,446.81,446.78,446.84,446.77
2022-03-24 08:46:20,446.78,446.7,446.79,446.68
2022-03-24 08:46:25,446.7,446.74,446.77,446.69
2022-03-24 08:46:30,446.74,446.72,446.75,446.67
2022-03-24 08:46:35,446.72,446.7,446.78,446.7
2022-03-24 08:46:40,446.7,446.73,446.74,446.68
2022-03-24 08:46:45,446.73,446.72,446.73,446.69
2022-03-24 08:46:50,446.72,446.76,446.76,446.72
2022-03-24 08:46:55,446.76,446.73,446.76,446.72
2022-03-24 08:47:00,446.73,446.82,446.83,446.73
2022-03-24 08:47:05,446.82,446.83,446.87,446.81
2022-03-24 08:47:10,446.83,446.73,446.83,446.69
2022-03-24 08:47:15,446.73,446.69,446.74,446.62
2022-03-24 08:47:20,446.69,446.69,446.73,446.67
2022-03-24 08:47:25,446.69,446.72,446.77,446.68
2022-03-24 08:47:30,446.72,446.77,446.79,446.71
2022-03-24 08:47:35,446.77,446.77,446.8,446.75
2022-03-24 08:47:40,446.77,446.74,446.77,446.73
2022-03-24 08:47:45,446.74,446.73,446.74,446.67
2022-03-24 08:47:50,446.73,446.75,446.76,446.72
2022-03-24 08:47:55,446.75,446.82,446.82,446.73
2022-03-24 08:48:00,446.82,446.76,446.86,446.72
2022-03-24 08:48:05,446.76,446.7,446.76,446.69
2022-03-24 08:48:10,446.7,446.83,446.84,446.69
2022-03-24 08:48:15,446.83,446.86,446.87,446.81
2022-03-24 08:48:20,446.86,446.87,446.9,446.86
2022-03-24 08:48:25,446.87,446.85,446.92,446.82
2022-03-24 08:48:30,446.85,446.78,446.87,446.77
2022-03-24 08:48:35,446.78,446.79,446.82,446.75
2022-03-24 08:48:40,446.79,446.72,446.81,446.7
2022-03-24 08:48:45,446.72,446.74,446.76,446.72
2022-03-24 08:48:50,446.74,446.75,446.77,446.73
2022-03-24 08:48:55,446.75,446.79,446.81,446.74
2022-03-24 08:49:00,446.79,446.76,446.8,446.72
2022-03-24 08:49:05,446.76,446.68,446.79,446.68
2022-03-24 08:49:10,446.68,446.76,446.76,446.65
2022-03-24 08:49:15,446.76,446.81,446.82,446.75
2022-03-24 08:49:20,446.81,446.72,446.81,446.71
2022-03-24 08:49:25,446.72,446.7,446.74,446.7
2022-03-24 08:49:30,446.7,446.72,446.72,446.66
2022-03-24 08:49:35,446.72,446.7,446.72,446.69
2022-03-24 08:49:40,446.7,446.68,446.73,446.67
2022-03-24 08:49:45,446.68,446.66,446.68,446.64
2022-03-24 08:49:50,446.66,446.74,446.76,446.65
2022-03-24 08:49:55,446.74,446.72,446.76,446.69
2022-03-24 08:50:00,446.72,446.6,446.73,446.59
2022-03-24 08:50:05,446.6,446.56,446.65,446.54
2022-03-24 08:50:10,446.56,446.5,446.57,446.45
2022-03-24 08:50:15,446.5,446.48,446.57,446.47
2022-03-24 08:50:20,446.48,446.52,446.52,446.47
2022-03-24 08:50:25,446.52,446.46,446.52,446.45
2022-03-24 08:50:30,446.46,446.52,446.56,446.46
2022-03-24 08:50:35,446.52,446.52,446.53,446.48
2022-03-24 08:50:40,446.52,446.46,446.54,446.44
2022-03-24 08:50:45,446.46,446.4,446.47,446.4
2022-03-24 08:50:50,446.4,446.44,446.47,446.36
2022-03-24 08:50:55,446.44,446.48,446.51,446.43
2022-03-24 08:51:00,446.48,446.42,446.52,446.41
2022-03-24 08:51:05,446.42,446.35,446.42,446.33
2022-03-24 08:51:10,446.35,446.37,446.37,446.29
2022-03-24 08:51:15,446.37,446.36,446.38,446.34
2022-03-24 08:51:20,446.36,446.42,446.42,446.34
2022-03-24 08:51:25,446.42,446.45,446.45,446.39
2022-03-24 08:51:30,446.45,446.44,446.46,446.42
2022-03-24 08:51:35,446.44,446.44,446.48,446.43
2022-03-24 08:51:40,446.44,446.49,446.49,446.44
2022-03-24 08:51:45,446.49,446.46,446.49,446.43
2022-03-24 08:51:50,446.46,446.48,446.52,446.46
2022-03-24 08:51:55,446.48,446.53,446.55,446.47
2022-03-24 08:52:00,446.53,446.64,446.65,446.51
2022-03-24 08:52:05,446.64,446.67,446.68,446.62
2022-03-24 08:52:10,446.67,446.7,446.73,446.67
2022-03-24 08:52:15,446.7,446.73,446.8,446.69
2022-03-24 08:52:20,446.73,446.7,446.74,446.69
2022-03-24 08:52:25,446.7,446.69,446.73,446.64
2022-03-24 08:52:30,446.69,446.71,446.73,446.68
2022-03-24 08:52:35,446.71,446.66,446.71,446.64
2022-03-24 08:52:40,446.66,446.61,446.66,446.6
2022-03-24 08:52:45,446.61,446.66,446.66,446.6
2022-03-24 08:52:50,446.66,446.67,446.69,446.64
2022-03-24 08:52:55,446.67,446.63,446.7,446.61
2022-03-24 08:53:00,446.63,446.7,446.7,446.6
2022-03-24 08:53:05,446.7,446.72,446.76,446.7
2022-03-24 08:53:10,446.72,446.74,446.75,446.72
2022-03-24 08:53:15,446.74,446.64,446.75,446.62
2022-03-24 08:53:20,446.64,446.58,446.65,446.58
2022-03-24 08:53:25,446.58,446.6,446.63,446.56
2022-03-24 08:53:30,446.6,446.57,446.62,446.56
2022-03-24 08:53:35,446.57,446.53,446.58,446.51
2022-03-24 08:53:40,446.53,446.52,446.54,446.5
2022-03-24 08:53:45,446.52,446.49,446.52,446.46
2022-03-24 08:53:50,446.49,446.47,446.52,446.45
2022-03-24 08:53:55,446.47,446.45,446.48,446.44
2022-03-24 08:54:00,446.45,446.48,446.5,446.4
2022-03-24 08:54:05,446.48,446.44,446.51,446.41
2022-03-24 08:54:10,446.44,446.42,446.46,446.4
2022-03-24 08:54:15,446.42,446.51,446.53,446.4
2022-03-24 08:54:20,446.51,446.56,446.57,446.5
2022-03-24 08:54:25,446.56,446.54,446.57,446.5
2022-03-24 08:54:30,446.54,446.55,446.55,446.44
2022-03-24 08:54:35,446.55,446.53,446.56,446.49
2022-03-24 08:54:40,446.53,446.59,446.59,446.53
2022-03-24 08:54:45,446.59,446.64,446.64,446.55
2022-03-24 08:54:50,446.64,446.65,446.67,446.64
2022-03-24 08:54:55,446.65,446.57,446.66,446.56
2022-03-24 08:55:00,446.57,446.6,446.64,446.56
2022-03-24 08:55:05,446.6,446.64,446.64,446.56
2022-03-24 08:55:10,446.64,446.65,446.7,446.64
2022-03-24 08:55:15,446.65,446.58,446.67,446.54
2022-03-24 08:55:20,446.58,446.61,446.62,446.57
2022-03-24 08:55:25,446.61,446.58,446.61,446.54
2022-03-24 08:55:30,446.58,446.48,446.58,446.47
2022-03-24 08:55:35,446.48,446.43,446.5,446.42
2022-03-24 08:55:40,446.43,446.45,446.47,446.4
2022-03-24 08:55:45,446.45,446.48,446.53,446.43
2022-03-24 08:55:50,446.48,446.52,446.54,446.48
2022-03-24 08:55:55,446.52,446.55,446.57,446.49
2022-03-24 08:56:00,446.55,446.48,446.55,446.46
2022-03-24 08:56:05,446.48,446.46,446.49,446.45
2022-03-24 08:56:10,446.46,446.47,446.47,446.42
2022-03-24 08:56:15,446.47,446.47,446.49,446.43
2022-03-24 08:56:20,446.47,446.41,446.48,446.4
2022-03-24 08:56:25,446.41,446.4,446.42,446.38
2022-03-24 08:56:30,446.4,446.32,446.42,446.28
2022-03-24 08:56:35,446.32,446.41,446.42,446.32
2022-03-24 08:56:40,446.41,446.43,446.44,446.38
2022-03-24 08:56:45,446.43,446.41,446.43,446.39
2022-03-24 08:56:50,446.41,446.42,446.44,446.41
2022-03-24 08:56:55,446.42,446.4,446.44,446.38
2022-03-24 08:57:00,446.4,446.38,446.4,446.34
2022-03-24 08:57:05,446.38,446.35,446.4,446.33
2022-03-24 08:57:10,446.35,446.39,446.4,446.31
2022-03-24 08:57:15,446.39,446.45,446.47,446.38
2022-03-24 08:57:20,446.45,446.44,446.46,446.42
2022-03-24 08:57:25,446.44,446.25,446.44,446.25
2022-03-24 08:57:30,446.25,446.25,446.28,446.21
2022-03-24 08:57:35,446.25,446.25,446.26,446.22
2022-03-24 08:57:40,446.25,446.31,446.32,446.23
2022-03-24 08:57:45,446.31,446.32,446.35,446.3
2022-03-24 08:57:50,446.32,446.26,446.35,446.25
2022-03-24 08:57:55,446.26,446.26,446.28,446.23
2022-03-24 08:58:00,446.26,446.31,446.32,446.24
2022-03-24 08:58:05,446.31,446.27,446.31,446.26
2022-03-24 08:58:10,446.27,446.2,446.29,446.2
2022-03-24 08:58:15,446.2,446.14,446.21,446.12
2022-03-24 08:58:20,446.14,446.17,446.2,446.13
2022-03-24 08:58:25,446.17,446.17,446.2,446.16
2022-03-24 08:58:30,446.17,446.18,446.2,446.14
2022-03-24 08:58:35,446.18,446.2,446.21,446.17
2022-03-24 08:58:40,446.2,446.24,446.25,446.19
2022-03-24 08:58:45,446.24,446.27,446.27,446.23
2022-03-24 08:58:50,446.27,446.26,446.28,446.24
2022-03-24 08:58:55,446.26,446.3,446.31,446.26
2022-03-24 08:59:00,446.3,446.36,446.39,446.3
2022-03-24 08:59:05,446.36,446.34,446.4,446.31
2022-03-24 08:59:10,446.34,446.39,446.41,446.32
2022-03-24 08:59:15,446.39,446.41,446.42,446.35
2022-03-24 08:59:20,446.41,446.37,446.41,446.36
2022-03-24 08:59:25,446.37,446.35,446.39,446.34
2022-03-24 08:59:30,446.35,446.33,446.38,446.33
2022-03-24 08:59:35,446.33,446.33,446.34,446.3
2022-03-24 08:59:40,446.33,446.32,446.34,446.29
2022-03-24 08:59:45,446.32,446.33,446.35,446.32
2022-03-24 08:59:50,446.33,446.37,446.37,446.3
2022-03-24 08:59:55,446.37,446.37,446.38,446.32
2022-03-24 09:00:00,446.37,446.4,446.42,446.34
2022-03-24 09:00:05,446.4,446.29,446.4,446.27
2022-03-24 09:00:10,446.29,446.34,446.37,446.23
2022-03-24 09:00:15,446.34,446.37,446.39,446.3
2022-03-24 09:00:20,446.37,446.41,446.42,446.35
2022-03-24 09:00:25,446.41,446.43,446.45,446.36
2022-03-24 09:00:30,446.43,446.4,446.45,446.38
2022-03-24 09:00:35,446.4,446.45,446.46,446.38
2022-03-24 09:00:40,446.45,446.47,446.49,446.45
2022-03-24 09:00:45,446.47,446.48,446.49,446.47
2022-03-24 09:00:50,446.48,446.53,446.53,446.47
2022-03-24 09:00:55,446.53,446.59,446.59,446.52
2022-03-24 09:01:00,446.59,446.85,446.85,446.46
2022-03-24 09:01:05,446.85,447.11,447.16,446.84
2022-03-24 09:01:10,447.11,447.62,447.64,447.11
2022-03-24 09:01:15,447.62,447.47,447.75,447.42
2022-03-24 09:01:20,447.47,447.26,447.49,447.25
2022-03-24 09:01:25,447.26,447.15,447.27,447.14
2022-03-24 09:01:30,447.15,447.17,447.27,447.1
2022-03-24 09:01:35,447.17,447.18,447.19,447.08
2022-03-24 09:01:40,447.18,447.08,447.22,447.07
2022-03-24 09:01:45,447.08,447.15,447.17,447.06
2022-03-24 09:01:50,447.15,447.16,447.21,447.07
2022-03-24 09:01:55,447.16,446.95,447.18,446.86
2022-03-24 09:02:00,446.95,446.89,446.95,446.85
2022-03-24 09:02:05,446.89,446.88,446.9,446.78
2022-03-24 09:02:10,446.88,446.94,446.95,446.85
2022-03-24 09:02:15,446.94,446.89,446.96,446.84
2022-03-24 09:02:20,446.89,446.88,446.9,446.81
2022-03-24 09:02:25,446.88,447.22,447.25,446.85
2022-03-24 09:02:30,447.22,447.04,447.22,447.04
2022-03-24 09:02:35,447.04,447.21,447.22,447.04
2022-03-24 09:02:40,447.21,447.11,447.26,447.06
2022-03-24 09:02:45,447.11,447.05,447.14,447.03
2022-03-24 09:02:50,447.05,446.92,447.06,446.92
2022-03-24 09:02:55,446.92,446.82,446.93,446.78
2022-03-24 09:03:00,446.82,446.8,446.91,446.8
2022-03-24 09:03:05,446.8,446.83,446.84,446.78
2022-03-24 09:03:10,446.83,446.88,446.9,446.79
2022-03-24 09:03:15,446.88,446.85,446.9,446.83
2022-03-24 09:03:20,446.85,446.84,446.89,446.81
2022-03-24 09:03:25,446.84,446.82,446.88,446.8
2022-03-24 09:03:30,446.82,446.75,446.82,446.73
2022-03-24 09:03:35,446.75,446.83,446.85,446.75
2022-03-24 09:03:40,446.83,446.75,446.88,446.75
2022-03-24 09:03:45,446.75,446.75,446.78,446.68
2022-03-24 09:03:50,446.75,446.74,446.76,446.7
2022-03-24 09:03:55,446.74,446.77,446.79,446.73
2022-03-24 09:04:00,446.77,446.81,446.82,446.73
2022-03-24 09:04:05,446.81,446.83,446.83,446.73
2022-03-24 09:04:10,446.83,446.79,446.84,446.74
2022-03-24 09:04:15,446.79,446.63,446.8,446.62
2022-03-24 09:04:20,446.63,446.68,446.69,446.63
2022-03-24 09:04:25,446.68,446.6,446.7,446.55
2022-03-24 09:04:30,446.6,446.58,446.6,446.52
2022-03-24 09:04:35,446.58,446.68,446.7,446.57
2022-03-24 09:04:40,446.68,446.72,446.72,446.67
2022-03-24 09:04:45,446.72,446.72,446.79,446.71
2022-03-24 09:04:50,446.72,446.75,446.8,446.72
2022-03-24 09:04:55,446.75,446.86,446.87,446.73
2022-03-24 09:05:00,446.86,446.82,446.89,446.8
2022-03-24 09:05:05,446.82,446.85,446.9,446.81
2022-03-24 09:05:10,446.85,446.83,446.89,446.8
2022-03-24 09:05:15,446.83,446.95,446.95,446.82
2022-03-24 09:05:20,446.95,446.96,446.99,446.92
2022-03-24 09:05:25,446.96,447.11,447.13,446.96
2022-03-24 09:05:30,447.11,447.06,447.17,447.04
2022-03-24 09:05:35,447.06,447.12,447.14,447.04
2022-03-24 09:05:40,447.12,447.17,447.18,447.12
2022-03-24 09:05:45,447.17,447.17,447.22,447.15
2022-03-24 09:05:50,447.17,447.2,447.21,447.16
2022-03-24 09:05:55,447.2,447.19,447.27,447.18
2022-03-24 09:06:00,447.19,447.22,447.23,447.18
2022-03-24 09:06:05,447.22,447.19,447.24,447.18
2022-03-24 09:06:10,447.19,447.28,447.29,447.15
2022-03-24 09:06:15,447.28,447.29,447.32,447.27
2022-03-24 09:06:20,447.29,447.32,447.38,447.29
2022-03-24 09:06:25,447.32,447.26,447.36,447.25
2022-03-24 09:06:30,447.26,447.26,447.29,447.24
2022-03-24 09:06:35,447.26,447.21,447.28,447.19
2022-03-24 09:06:40,447.21,447.2,447.24,447.19
2022-03-24 09:06:45,447.2,447.28,447.29,447.19
2022-03-24 09:06:50,447.28,447.35,447.35,447.28
2022-03-24 09:06:55,447.35,447.25,447.35,447.21
2022-03-24 09:07:00,447.25,447.22,447.25,447.19
2022-03-24 09:07:05,447.22,447.22,447.27,447.18
2022-03-24 09:07:10,447.22,447.18,447.23,447.18
2022-03-24 09:07:15,447.18,447.18,447.25,447.16
2022-03-24 09:07:20,447.18,447.28,447.35,447.17
2022-03-24 09:07:25,447.28,447.24,447.29,447.23
2022-03-24 09:07:30,447.24,447.21,447.27,447.21
2022-03-24 09:07:35,447.21,447.19,447.21,447.18
2022-03-24 09:07:40,447.19,447.24,447.26,447.16
2022-03-24 09:07:45,447.24,447.25,447.25,447.21
2022-03-24 09:07:50,447.25,447.2,447.27,447.16
2022-03-24 09:07:55,447.2,447.26,447.28,447.17
2022-03-24 09:08:00,447.26,447.2,447.28,447.18
2022-03-24 09:08:05,447.2,447.17,447.2,447.14
2022-03-24 09:08:10,447.17,447.17,447.2,447.15
2022-03-24 09:08:15,447.17,447.15,447.22,447.15
2022-03-24 09:08:20,447.15,447.15,447.2,447.15
2022-03-24 09:08:25,447.15,447.05,447.17,447.02
2022-03-24 09:08:30,447.05,446.89,447.06,446.89
2022-03-24 09:08:35,446.89,446.79,446.93,446.75
2022-03-24 09:08:40,446.79,446.73,446.8,446.73
2022-03-24 09:08:45,446.73,446.71,446.76,446.7
2022-03-24 09:08:50,446.71,446.78,446.79,446.71
2022-03-24 09:08:55,446.78,446.77,446.79,446.74
2022-03-24 09:09:00,446.77,446.63,446.81,446.59
2022-03-24 09:09:05,446.63,446.71,446.72,446.61
2022-03-24 09:09:10,446.71,446.76,446.76,446.71
2022-03-24 09:09:15,446.76,446.82,446.85,446.73
2022-03-24 09:09:20,446.82,446.84,446.88,446.82
2022-03-24 09:09:25,446.84,446.84,446.85,446.77
2022-03-24 09:09:30,446.84,446.82,446.85,446.8
2022-03-24 09:09:35,446.82,446.89,446.91,446.82
2022-03-24 09:09:40,446.89,446.91,446.91,446.86
2022-03-24 09:09:45,446.91,446.91,446.93,446.9
2022-03-24 09:09:50,446.91,446.9,446.96,446.89
2022-03-24 09:09:55,446.9,446.84,446.92,446.84
2022-03-24 09:10:00,446.84,446.75,446.85,446.74
2022-03-24 09:10:05,446.75,446.77,446.78,446.69
2022-03-24 09:10:10,446.77,446.75,446.77,446.71
2022-03-24 09:10:15,446.75,446.75,446.81,446.73
2022-03-24 09:10:20,446.75,446.73,446.76,446.69
2022-03-24 09:10:25,446.73,446.78,446.8,446.72
2022-03-24 09:10:30,446.78,446.79,446.87,446.76
2022-03-24 09:10:35,446.79,446.76,446.8,446.75
2022-03-24 09:10:40,446.76,446.77,446.78,446.67
2022-03-24 09:10:45,446.77,446.77,446.8,446.74
2022-03-24 09:10:50,446.77,446.81,446.84,446.77
2022-03-24 09:10:55,446.81,446.77,446.82,446.73
2022-03-24 09:11:00,446.77,446.83,446.86,446.71
2022-03-24 09:11:05,446.83,446.82,446.85,446.8
2022-03-24 09:11:10,446.82,446.95,446.98,446.82
2022-03-24 09:11:15,446.95,446.95,446.96,446.93
2022-03-24 09:11:20,446.95,446.94,446.96,446.9
2022-03-24 09:11:25,446.94,446.92,446.94,446.89
2022-03-24 09:11:30,446.92,446.98,446.98,446.89
2022-03-24 09:11:35,446.98,447.01,447.04,446.97
2022-03-24 09:11:40,447.01,446.94,447.03,446.94
2022-03-24 09:11:45,446.94,447.01,447.02,446.92
2022-03-24 09:11:50,447.01,447.04,447.06,447.01
2022-03-24 09:11:55,447.04,447.03,447.05,447
2022-03-24 09:12:00,447.03,447.04,447.07,446.97
2022-03-24 09:12:05,447.04,447.04,447.09,447.04
2022-03-24 09:12:10,447.04,447.08,447.12,447.04
2022-03-24 09:12:15,447.08,447.12,447.12,447.05
2022-03-24 09:12:20,447.12,447.2,447.21,447.12
2022-03-24 09:12:25,447.2,447.27,447.29,447.18
2022-03-24 09:12:30,447.27,447.2,447.28,447.16
2022-03-24 09:12:35,447.2,447.32,447.34,447.19
2022-03-24 09:12:40,447.32,447.34,447.37,447.29
2022-03-24 09:12:45,447.34,447.33,447.37,447.32
2022-03-24 09:12:50,447.33,447.3,447.34,447.28
2022-03-24 09:12:55,447.3,447.33,447.33,447.3
2022-03-24 09:13:00,447.33,447.42,447.43,447.33
2022-03-24 09:13:05,447.42,447.39,447.45,447.37
2022-03-24 09:13:10,447.39,447.4,447.41,447.38
2022-03-24 09:13:15,447.4,447.41,447.45,447.4
2022-03-24 09:13:20,447.41,447.35,447.45,447.34
2022-03-24 09:13:25,447.35,447.3,447.37,447.29
2022-03-24 09:13:30,447.3,447.29,447.32,447.28
2022-03-24 09:13:35,447.29,447.32,447.33,447.28
2022-03-24 09:13:40,447.32,447.36,447.37,447.31
2022-03-24 09:13:45,447.36,447.29,447.36,447.28
2022-03-24 09:13:50,447.29,447.16,447.32,447.12
2022-03-24 09:13:55,447.16,447.2,447.22,447.16
2022-03-24 09:14:00,447.2,447.2,447.22,447.14
2022-03-24 09:14:05,447.2,447.29,447.3,447.17
2022-03-24 09:14:10,447.29,447.37,447.38,447.29
2022-03-24 09:14:15,447.37,447.37,447.39,447.36
2022-03-24 09:14:20,447.37,447.36,447.39,447.34
2022-03-24 09:14:25,447.36,447.32,447.36,447.29
2022-03-24 09:14:30,447.32,447.26,447.34,447.25
2022-03-24 09:14:35,447.26,447.2,447.28,447.18
2022-03-24 09:14:40,447.2,447.23,447.24,447.19
2022-03-24 09:14:45,447.23,447.21,447.26,447.2
2022-03-24 09:14:50,447.21,447.21,447.23,447.16
2022-03-24 09:14:55,447.21,447.26,447.27,447.21
2022-03-24 09:15:00,447.26,447.26,447.38,447.25
2022-03-24 09:15:05,447.26,447.34,447.37,447.26
2022-03-24 09:15:10,447.34,447.32,447.36,447.3
2022-03-24 09:15:15,447.32,447.27,447.36,447.25
2022-03-24 09:15:20,447.27,447.27,447.28,447.25
2022-03-24 09:15:25,447.27,447.31,447.31,447.26
2022-03-24 09:15:30,447.31,447.3,447.32,447.26
2022-03-24 09:15:35,447.3,447.25,447.3,447.25
2022-03-24 09:15:40,447.25,447.3,447.32,447.23
2022-03-24 09:15:45,447.3,447.3,447.31,447.28
2022-03-24 09:15:50,447.3,447.33,447.34,447.28
2022-03-24 09:15:55,447.33,447.23,447.33,447.23
2022-03-24 09:16:00,447.23,447.18,447.26,447.15
2022-03-24 09:16:05,447.18,447.13,447.19,447.11
2022-03-24 09:16:10,447.13,447.16,447.16,447.11
2022-03-24 09:16:15,447.16,447.11,447.16,447.1
2022-03-24 09:16:20,447.11,447.09,447.11,447.07
2022-03-24 09:16:25,447.09,447.11,447.12,447.08
2022-03-24 09:16:30,447.11,447.13,447.17,447.1
2022-03-24 09:16:35,447.13,447.14,447.15,447.1
2022-03-24 09:16:40,447.14,447.09,447.15,447.08
2022-03-24 09:16:45,447.09,447.06,447.12,447.05
2022-03-24 09:16:50,447.06,447.14,447.14,447.05
2022-03-24 09:16:55,447.14,447.14,447.16,447.14
2022-03-24 09:17:00,447.14,447.18,447.35,447.14
2022-03-24 09:17:05,447.18,447.22,447.27,447.16
2022-03-24 09:17:10,447.22,447.29,447.29,447.21
2022-03-24 09:17:15,447.29,447.26,447.31,447.25
2022-03-24 09:17:20,447.26,447.22,447.26,447.2
2022-03-24 09:17:25,447.22,447.21,447.23,447.18
2022-03-24 09:17:30,447.21,447.23,447.25,447.19
2022-03-24 09:17:35,447.23,447.23,447.24,447.2
2022-03-24 09:17:40,447.23,447.33,447.33,447.22
2022-03-24 09:17:45,447.33,447.25,447.36,447.24
2022-03-24 09:17:50,447.25,447.26,447.27,447.23
2022-03-24 09:17:55,447.26,447.27,447.29,447.24
2022-03-24 09:18:00,447.27,447.26,447.33,447.25
2022-03-24 09:18:05,447.26,447.33,447.34,447.25
2022-03-24 09:18:10,447.33,447.34,447.35,447.32
2022-03-24 09:18:15,447.34,447.33,447.34,447.31
2022-03-24 09:18:20,447.33,447.4,447.41,447.31
2022-03-24 09:18:25,447.4,447.4,447.41,447.38
2022-03-24 09:18:30,447.4,447.38,447.41,447.36
2022-03-24 09:18:35,447.38,447.36,447.4,447.31
2022-03-24 09:18:40,447.36,447.36,447.39,447.33
2022-03-24 09:18:45,447.36,447.36,447.37,447.32
2022-03-24 09:18:50,447.36,447.36,447.38,447.34
2022-03-24 09:18:55,447.36,447.4,447.42,447.36
2022-03-24 09:19:00,447.4,447.33,447.4,447.28
2022-03-24 09:19:05,447.33,447.35,447.37,447.31
2022-03-24 09:19:10,447.35,447.35,447.36,447.32
2022-03-24 09:19:15,447.35,447.35,447.36,447.31
2022-03-24 09:19:20,447.35,447.34,447.35,447.32
2022-03-24 09:19:25,447.34,447.36,447.36,447.33
2022-03-24 09:19:30,447.36,447.35,447.37,447.33
2022-03-24 09:19:35,447.35,447.46,447.47,447.34
2022-03-24 09:19:40,447.46,447.44,447.47,447.44
2022-03-24 09:19:45,447.44,447.51,447.55,447.44
2022-03-24 09:19:50,447.51,447.5,447.54,447.48
2022-03-24 09:19:55,447.5,447.52,447.53,447.48
2022-03-24 09:20:00,447.52,447.56,447.61,447.51
2022-03-24 09:20:05,447.56,447.53,447.59,447.52
2022-03-24 09:20:10,447.53,447.54,447.55,447.51
2022-03-24 09:20:15,447.54,447.55,447.57,447.52
2022-03-24 09:20:20,447.55,447.52,447.55,447.5
2022-03-24 09:20:25,447.52,447.49,447.52,447.47
2022-03-24 09:20:30,447.49,447.53,447.53,447.48
2022-03-24 09:20:35,447.53,447.47,447.54,447.46
2022-03-24 09:20:40,447.47,447.38,447.47,447.38
2022-03-24 09:20:45,447.38,447.43,447.49,447.37
2022-03-24 09:20:50,447.43,447.43,447.43,447.39
2022-03-24 09:20:55,447.43,447.38,447.45,447.37
2022-03-24 09:21:00,447.38,447.42,447.48,447.38
2022-03-24 09:21:05,447.42,447.36,447.43,447.36
2022-03-24 09:21:10,447.36,447.34,447.39,447.33
2022-03-24 09:21:15,447.34,447.41,447.42,447.34
2022-03-24 09:21:20,447.41,447.38,447.42,447.38
2022-03-24 09:21:25,447.38,447.4,447.43,447.37
2022-03-24 09:21:30,447.4,447.46,447.48,447.38
2022-03-24 09:21:35,447.46,447.44,447.48,447.43
2022-03-24 09:21:40,447.44,447.42,447.45,447.42
2022-03-24 09:21:45,447.42,447.41,447.44,447.39
2022-03-24 09:21:50,447.41,447.38,447.44,447.35
2022-03-24 09:21:55,447.38,447.29,447.39,447.29
2022-03-24 09:22:00,447.29,447.28,447.34,447.25
2022-03-24 09:22:05,447.28,447.24,447.31,447.21
2022-03-24 09:22:10,447.24,447.17,447.25,447.17
2022-03-24 09:22:15,447.17,447.22,447.23,447.16
2022-03-24 09:22:20,447.22,447.26,447.27,447.2
2022-03-24 09:22:25,447.26,447.32,447.33,447.26
2022-03-24 09:22:30,447.32,447.27,447.33,447.26
2022-03-24 09:22:35,447.27,447.3,447.3,447.25
2022-03-24 09:22:40,447.3,447.27,447.31,447.25
2022-03-24 09:22:45,447.27,447.25,447.29,447.23
2022-03-24 09:22:50,447.25,447.35,447.35,447.25
2022-03-24 09:22:55,447.35,447.39,447.39,447.34
2022-03-24 09:23:00,447.39,447.39,447.44,447.38
2022-03-24 09:23:05,447.39,447.41,447.42,447.38
2022-03-24 09:23:10,447.41,447.43,447.44,447.41
2022-03-24 09:23:15,447.43,447.47,447.48,447.42
2022-03-24 09:23:20,447.47,447.46,447.48,447.44
2022-03-24 09:23:25,447.46,447.43,447.49,447.42
2022-03-24 09:23:30,447.43,447.43,447.44,447.41
2022-03-24 09:23:35,447.43,447.48,447.49,447.42
2022-03-24 09:23:40,447.48,447.5,447.5,447.47
2022-03-24 09:23:45,447.5,447.5,447.51,447.46
2022-03-24 09:23:50,447.5,447.49,447.52,447.47
2022-03-24 09:23:55,447.49,447.52,447.52,447.48
2022-03-24 09:24:00,447.52,447.54,447.62,447.5
2022-03-24 09:24:05,447.54,447.57,447.58,447.53
2022-03-24 09:24:10,447.57,447.58,447.6,447.55
2022-03-24 09:24:15,447.58,447.54,447.58,447.5
2022-03-24 09:24:20,447.54,447.56,447.57,447.54
2022-03-24 09:24:25,447.56,447.57,447.59,447.53
2022-03-24 09:24:30,447.57,447.56,447.57,447.52
2022-03-24 09:24:35,447.56,447.5,447.57,447.5
2022-03-24 09:24:40,447.5,447.51,447.52,447.49
2022-03-24 09:24:45,447.51,447.5,447.52,447.49
2022-03-24 09:24:50,447.5,447.5,447.51,447.47
2022-03-24 09:24:55,447.5,447.56,447.57,447.5
2022-03-24 09:25:00,447.56,447.54,447.57,447.52
2022-03-24 09:25:05,447.54,447.56,447.58,447.52
2022-03-24 09:25:10,447.56,447.58,447.6,447.56
2022-03-24 09:25:15,447.58,447.49,447.6,447.49
2022-03-24 09:25:20,447.49,447.55,447.55,447.46
2022-03-24 09:25:25,447.55,447.52,447.55,447.5
2022-03-24 09:25:30,447.52,447.61,447.61,447.52
2022-03-24 09:25:35,447.61,447.61,447.63,447.6
2022-03-24 09:25:40,447.61,447.68,447.7,447.61
2022-03-24 09:25:45,447.68,447.84,447.85,447.68
2022-03-24 09:25:50,447.84,447.83,447.87,447.8
2022-03-24 09:25:55,447.83,447.86,447.87,447.83
2022-03-24 09:26:00,447.86,447.85,447.91,447.82
2022-03-24 09:26:05,447.85,447.88,447.9,447.82
2022-03-24 09:26:10,447.88,447.8,447.89,447.8
2022-03-24 09:26:15,447.8,447.84,447.85,447.8
2022-03-24 09:26:20,447.84,447.9,447.92,447.84
2022-03-24 09:26:25,447.9,447.92,447.93,447.89
2022-03-24 09:26:30,447.92,447.93,447.93,447.91
2022-03-24 09:26:35,447.93,447.95,447.96,447.92
2022-03-24 09:26:40,447.95,447.96,447.97,447.91
2022-03-24 09:26:45,447.96,447.99,448,447.96
2022-03-24 09:26:50,447.99,448.03,448.04,447.98
2022-03-24 09:26:55,448.03,448.04,448.05,448.01
2022-03-24 09:27:00,448.04,448.05,448.09,448.04
2022-03-24 09:27:05,448.05,448.22,448.23,448.04
2022-03-24 09:27:10,448.22,448.14,448.22,448.12
2022-03-24 09:27:15,448.14,448.16,448.17,448.11
2022-03-24 09:27:20,448.16,448.12,448.17,448.11
2022-03-24 09:27:25,448.12,448.08,448.12,448.07
2022-03-24 09:27:30,448.08,448.16,448.16,448.04
2022-03-24 09:27:35,448.16,448.08,448.16,448.08
2022-03-24 09:27:40,448.08,448.08,448.1,448.05
2022-03-24 09:27:45,448.08,448.05,448.08,448.02
2022-03-24 09:27:50,448.05,448.04,448.06,448.02
2022-03-24 09:27:55,448.04,448.04,448.05,448
2022-03-24 09:28:00,448.04,448.03,448.07,448.02
2022-03-24 09:28:05,448.03,448.05,448.09,448.02
2022-03-24 09:28:10,448.05,448.1,448.11,448.04
2022-03-24 09:28:15,448.1,448.14,448.15,448.08
2022-03-24 09:28:20,448.14,448.19,448.2,448.14
2022-03-24 09:28:25,448.19,448.13,448.19,448.12
2022-03-24 09:28:30,448.13,448.14,448.19,448.13
2022-03-24 09:28:35,448.14,448.14,448.16,448.13
2022-03-24 09:28:40,448.14,448.16,448.17,448.11
2022-03-24 09:28:45,448.16,448.17,448.18,448.15
2022-03-24 09:28:50,448.17,448.13,448.18,448.12
2022-03-24 09:28:55,448.13,448.17,448.17,448.13
2022-03-24 09:29:00,448.17,448.22,448.24,448.15
2022-03-24 09:29:05,448.22,448.18,448.22,448.17
2022-03-24 09:29:10,448.18,448.19,448.21,448.14
2022-03-24 09:29:15,448.19,448.21,448.21,448.17
2022-03-24 09:29:20,448.21,448.21,448.23,448.18
2022-03-24 09:29:25,448.21,448.15,448.22,448.15
2022-03-24 09:29:30,448.15,448.17,448.19,448.15
2022-03-24 09:29:35,448.17,448.15,448.18,448.14
2022-03-24 09:29:40,448.15,448.15,448.18,448.14
2022-03-24 09:29:45,448.15,448.17,448.18,448.14
2022-03-24 09:29:50,448.17,448.2,448.21,448.16
2022-03-24 09:29:55,448.2,448.21,448.22,448.14
2022-03-24 09:30:00,448.21,448.27,448.34,448.21
2022-03-24 09:30:05,448.27,448.36,448.39,448.27
2022-03-24 09:30:10,448.36,448.28,448.37,448.27
2022-03-24 09:30:15,448.28,448.32,448.33,448.27
2022-03-24 09:30:20,448.32,448.33,448.34,448.31
2022-03-24 09:30:25,448.33,448.35,448.38,448.32
2022-03-24 09:30:30,448.35,448.33,448.36,448.33
2022-03-24 09:30:35,448.33,448.36,448.38,448.33
2022-03-24 09:30:40,448.36,448.31,448.37,448.3
2022-03-24 09:30:45,448.31,448.29,448.31,448.27
2022-03-24 09:30:50,448.29,448.26,448.3,448.25
2022-03-24 09:30:55,448.26,448.3,448.32,448.26
2022-03-24 09:31:00,448.3,448.31,448.32,448.28
2022-03-24 09:31:05,448.31,448.36,448.38,448.31
2022-03-24 09:31:10,448.36,448.37,448.39,448.32
2022-03-24 09:31:15,448.37,448.38,448.38,448.35
2022-03-24 09:31:20,448.38,448.36,448.38,448.33
2022-03-24 09:31:25,448.36,448.32,448.38,448.31
2022-03-24 09:31:30,448.32,448.37,448.38,448.32
2022-03-24 09:31:35,448.37,448.33,448.39,448.32
2022-03-24 09:31:40,448.33,448.31,448.35,448.31
2022-03-24 09:31:45,448.31,448.3,448.33,448.28
2022-03-24 09:31:50,448.3,448.32,448.33,448.3
2022-03-24 09:31:55,448.32,448.35,448.37,448.32
2022-03-24 09:32:00,448.35,448.37,448.38,448.35
2022-03-24 09:32:05,448.37,448.32,448.38,448.31
2022-03-24 09:32:10,448.32,448.35,448.35,448.31
2022-03-24 09:32:15,448.35,448.34,448.35,448.32
2022-03-24 09:32:20,448.34,448.35,448.35,448.31
2022-03-24 09:32:25,448.35,448.3,448.35,448.3
2022-03-24 09:32:30,448.3,448.4,448.4,448.3
2022-03-24 09:32:35,448.4,448.38,448.42,448.38
2022-03-24 09:32:40,448.38,448.35,448.43,448.35
2022-03-24 09:32:45,448.35,448.31,448.42,448.3
2022-03-24 09:32:50,448.31,448.31,448.34,448.28
2022-03-24 09:32:55,448.31,448.33,448.35,448.3
2022-03-24 09:33:00,448.33,448.31,448.35,448.3
2022-03-24 09:33:05,448.31,448.27,448.32,448.27
2022-03-24 09:33:10,448.27,448.33,448.34,448.27
2022-03-24 09:33:15,448.33,448.31,448.34,448.3
2022-03-24 09:33:20,448.31,448.26,448.31,448.25
2022-03-24 09:33:25,448.26,448.26,448.27,448.25
2022-03-24 09:33:30,448.26,448.24,448.28,448.24
2022-03-24 09:33:35,448.24,448.19,448.25,448.19
2022-03-24 09:33:40,448.19,448.19,448.24,448.18
2022-03-24 09:33:45,448.19,448.29,448.31,448.18
2022-03-24 09:33:50,448.29,448.29,448.3,448.28
2022-03-24 09:33:55,448.29,448.28,448.31,448.28
2022-03-24 09:34:00,448.28,448.22,448.29,448.22
2022-03-24 09:34:05,448.22,448.21,448.22,448.18
2022-03-24 09:34:10,448.21,448.17,448.21,448.17
2022-03-24 09:34:15,448.17,448.13,448.19,448.12
2022-03-24 09:34:20,448.13,448.13,448.14,448.11
2022-03-24 09:34:25,448.13,448.12,448.14,448.11
2022-03-24 09:34:30,448.12,448.1,448.13,448.07
2022-03-24 09:34:35,448.1,448.1,448.11,448.09
2022-03-24 09:34:40,448.1,448.2,448.21,448.1
2022-03-24 09:34:45,448.2,448.22,448.25,448.19
2022-03-24 09:34:50,448.22,448.16,448.23,448.14
2022-03-24 09:34:55,448.16,448.1,448.17,448.07
2022-03-24 09:35:00,448.1,448.11,448.11,448.05
2022-03-24 09:35:05,448.11,448.05,448.12,448.05
2022-03-24 09:35:10,448.05,448.05,448.1,448.05
2022-03-24 09:35:15,448.05,448.09,448.09,448.03
2022-03-24 09:35:20,448.09,448.09,448.11,448.06
2022-03-24 09:35:25,448.09,448.05,448.09,448.04
2022-03-24 09:35:30,448.05,448.14,448.17,448.05
2022-03-24 09:35:35,448.14,448.15,448.16,448.12
2022-03-24 09:35:40,448.15,448.2,448.22,448.15
2022-03-24 09:35:45,448.2,448.15,448.21,448.14
2022-03-24 09:35:50,448.15,448.19,448.21,448.15
2022-03-24 09:35:55,448.19,448.18,448.2,448.17
2022-03-24 09:36:00,448.18,448.23,448.27,448.18
2022-03-24 09:36:05,448.23,448.19,448.23,448.17
2022-03-24 09:36:10,448.19,448.15,448.2,448.14
2022-03-24 09:36:15,448.15,448.12,448.16,448.11
2022-03-24 09:36:20,448.12,448.16,448.18,448.12
2022-03-24 09:36:25,448.16,448.19,448.2,448.15
2022-03-24 09:36:30,448.19,448.22,448.22,448.18
2022-03-24 09:36:35,448.22,448.22,448.23,448.21
2022-03-24 09:36:40,448.22,448.14,448.22,448.13
2022-03-24 09:36:45,448.14,448.15,448.15,448.13
2022-03-24 09:36:50,448.15,448.18,448.19,448.14
2022-03-24 09:36:55,448.18,448.19,448.2,448.16
2022-03-24 09:37:00,448.19,448.23,448.24,448.17
2022-03-24 09:37:05,448.23,448.21,448.23,448.21
2022-03-24 09:37:10,448.21,448.17,448.21,448.15
2022-03-24 09:37:15,448.17,448.19,448.21,448.17
2022-03-24 09:37:20,448.19,448.21,448.21,448.18
2022-03-24 09:37:25,448.21,448.2,448.22,448.2
2022-03-24 09:37:30,448.2,448.17,448.21,448.12
2022-03-24 09:37:35,448.17,448.14,448.17,448.11
2022-03-24 09:37:40,448.14,448.16,448.17,448.09
2022-03-24 09:37:45,448.16,448.2,448.21,448.16
2022-03-24 09:37:50,448.2,448.21,448.22,448.17
2022-03-24 09:37:55,448.21,448.21,448.21,448.19
2022-03-24 09:38:00,448.21,448.19,448.23,448.17
2022-03-24 09:38:05,448.19,448.23,448.25,448.18
2022-03-24 09:38:10,448.23,448.24,448.25,448.21
2022-03-24 09:38:15,448.24,448.26,448.29,448.24
2022-03-24 09:38:20,448.26,448.28,448.28,448.26
2022-03-24 09:38:25,448.28,448.28,448.29,448.26
2022-03-24 09:38:30,448.28,448.29,448.3,448.25
2022-03-24 09:38:35,448.29,448.33,448.34,448.28
2022-03-24 09:38:40,448.33,448.33,448.36,448.31
2022-03-24 09:38:45,448.33,448.36,448.36,448.32
2022-03-24 09:38:50,448.36,448.36,448.37,448.33
2022-03-24 09:38:55,448.36,448.33,448.36,448.3
2022-03-24 09:39:00,448.33,448.35,448.39,448.33
2022-03-24 09:39:05,448.35,448.36,448.39,448.34
2022-03-24 09:39:10,448.36,448.33,448.37,448.33
2022-03-24 09:39:15,448.33,448.32,448.34,448.3
2022-03-24 09:39:20,448.32,448.33,448.34,448.3
2022-03-24 09:39:25,448.33,448.34,448.38,448.33
2022-03-24 09:39:30,448.34,448.28,448.34,448.28
2022-03-24 09:39:35,448.28,448.33,448.34,448.28
2022-03-24 09:39:40,448.33,448.32,448.35,448.31
2022-03-24 09:39:45,448.32,448.33,448.33,448.31
2022-03-24 09:39:50,448.33,448.37,448.39,448.32
2022-03-24 09:39:55,448.37,448.36,448.38,448.36
2022-03-24 09:40:00,448.36,448.35,448.38,448.35
2022-03-24 09:40:05,448.35,448.35,448.38,448.35
2022-03-24 09:40:10,448.35,448.39,448.43,448.35
2022-03-24 09:40:15,448.39,448.38,448.4,448.35
2022-03-24 09:40:20,448.38,448.36,448.39,448.36
2022-03-24 09:40:25,448.36,448.37,448.37,448.35
2022-03-24 09:40:30,448.37,448.42,448.42,448.37
2022-03-24 09:40:35,448.42,448.45,448.45,448.42
2022-03-24 09:40:40,448.45,448.52,448.54,448.44
2022-03-24 09:40:45,448.52,448.55,448.57,448.52
2022-03-24 09:40:50,448.55,448.55,448.58,448.55
2022-03-24 09:40:55,448.55,448.54,448.57,448.53
2022-03-24 09:41:00,448.54,448.56,448.56,448.54
2022-03-24 09:41:05,448.56,448.59,448.59,448.54
2022-03-24 09:41:10,448.59,448.63,448.65,448.58
2022-03-24 09:41:15,448.63,448.7,448.72,448.63
2022-03-24 09:41:20,448.7,448.7,448.74,448.68
2022-03-24 09:41:25,448.7,448.69,448.72,448.67
2022-03-24 09:41:30,448.69,448.69,448.7,448.68
2022-03-24 09:41:35,448.69,448.63,448.72,448.63
2022-03-24 09:41:40,448.63,448.62,448.64,448.62
2022-03-24 09:41:45,448.62,448.64,448.64,448.58
2022-03-24 09:41:50,448.64,448.6,448.66,448.58
2022-03-24 09:41:55,448.6,448.58,448.61,448.57
2022-03-24 09:42:00,448.58,448.55,448.6,448.55
2022-03-24 09:42:05,448.55,448.6,448.6,448.53
2022-03-24 09:42:10,448.6,448.65,448.67,448.59
2022-03-24 09:42:15,448.65,448.68,448.69,448.63
2022-03-24 09:42:20,448.68,448.7,448.75,448.66
2022-03-24 09:42:25,448.7,448.65,448.73,448.65
2022-03-24 09:42:30,448.65,448.73,448.74,448.63
2022-03-24 09:42:35,448.73,448.83,448.84,448.73
2022-03-24 09:42:40,448.83,448.85,448.92,448.83
2022-03-24 09:42:45,448.85,448.86,448.87,448.83
2022-03-24 09:42:50,448.86,448.88,448.9,448.85
2022-03-24 09:42:55,448.88,448.9,448.9,448.87
2022-03-24 09:43:00,448.9,448.92,448.95,448.9
2022-03-24 09:43:05,448.92,448.84,448.92,448.84
2022-03-24 09:43:10,448.84,448.85,448.87,448.83
2022-03-24 09:43:15,448.85,448.83,448.86,448.83
2022-03-24 09:43:20,448.83,448.87,448.88,448.83